path,name,phrase,mfcc_mean0,mfcc_mean1,mfcc_mean2,mfcc_mean3,mfcc_mean4,mfcc_mean5,mfcc_mean6,mfcc_mean7,mfcc_mean8,mfcc_mean9,mfcc_mean10,mfcc_mean11,mfcc_mean12,mfcc_mean13,mfcc_mean14,mfcc_mean15,mfcc_mean16,mfcc_mean17,mfcc_mean18,mfcc_mean19,mfcc_std20,mfcc_std21,mfcc_std22,mfcc_std23,mfcc_std24,mfcc_std25,mfcc_std26,mfcc_std27,mfcc_std28,mfcc_std29,mfcc_std30,mfcc_std31,mfcc_std32,mfcc_std33,mfcc_std34,mfcc_std35,mfcc_std36,mfcc_std37,mfcc_std38,mfcc_std39,cent_mean,cent_std,cent_skew,rolloff_mean,rolloff_std
./fastapi_app/Голосовые/Алексей/Вход - не распознано Алексей.wav,Алексей,Вход,-661.86,60.364,7.954,17.728,2.667,9.603,-0.739,1.053,-1.322,-1.374,-2.917,-3.397,-0.31,0.096,-1.316,0.346,-1.13,3.069,-3.186,0.92,23.172,11.927,7.105,6.411,7.076,6.819,3.748,4.254,3.998,3.846,5.447,4.761,5.46,4.991,4.818,5.748,5.476,4.03,4.727,5.382,3381.166,470.122,-1.278,7134.831,593.042
./fastapi_app/Голосовые/Алексей/Вход-не распознано Алексей.wav,Алексей,Вход,-661.088,62.941,10.456,25.382,8.987,12.287,5.727,6.388,3.484,1.718,-1.777,-1.707,0.544,-0.907,-2.898,-2.028,-4.4,2.876,-4.195,3.125,28.145,15.586,17.109,12.767,13.188,8.958,8.336,8.42,6.564,5.466,7.516,5.519,3.598,3.799,4.46,4.412,5.018,4.213,4.866,5.003,3079.52,897.493,-1.734,6378.967,1934.273
./fastapi_app/Голосовые/Алексей/Пицца 3 Алексей .wav,Алексей,Пицца,-668.759,55.867,4.943,17.154,0.169,8.683,3.061,5.356,0.719,-1.352,-1.038,-0.478,0.313,-0.853,-3.376,-0.551,-2.437,1.394,-5.611,1.487,21.921,6.824,11.134,7.862,4.189,4.269,6.571,5.325,5.144,4.381,4.06,4.338,4.449,3.145,2.645,4.329,4.489,4.379,5.038,4.523,3536.489,297.782,-2.351,7322.023,285.526
./fastapi_app/Голосовые/Алексей/Пицца Алексей.wav,Алексей,Пицца,-663.814,58.679,5.07,14.162,-1.292,4.082,-6.348,-1.49,-5.074,-4.698,-2.522,1.191,3.941,0.706,1.641,3.109,-0.787,3.653,-4.448,1.538,24.144,6.035,5.699,5.397,5.995,4.623,6.202,6.577,5.699,6.61,5.141,3.628,4.902,3.963,5.431,6.932,4.815,4.919,3.33,2.879,3438.036,237.287,-0.237,7183.77,344.469
./fastapi_app/Голосовые/Алексей/Собака - не распознано Алексей.wav,Алексей,Собака,-665.971,54.545,-1.261,14.842,2.556,11.221,1.623,3.216,1.235,1.575,-0.756,-0.654,2.809,0.759,-4.22,-1.715,-3.474,-0.444,-4.196,1.715,28.016,6.015,5.3,6.002,5.244,6.765,5.488,4.873,5.744,6.251,4.095,3.941,5.23,6.083,5.712,6.302,5.596,3.596,4.961,4.798,3508.358,216.267,-0.759,7235.156,300.914
./fastapi_app/Голосовые/Алексей/Собака Алексей.wav,Алексей,Собака,-670.868,53.081,2.775,15.315,-0.002,9.426,0.685,2.832,0.089,0.457,0.229,-1.184,1.312,0.603,0.005,2.284,-2.623,0.871,-5.25,0.719,24.859,7.687,5.817,4.302,5.651,4.771,5.41,5.444,4.606,4.986,4.756,5.044,5.004,5.532,4.625,3.747,4.341,3.587,5.425,4.916,3597.815,336.76,-1.994,7352.61,352.325
./fastapi_app/Голосовые/Алексей/Шкаф 2 Алексей.wav,Алексей,Шкаф,-665.937,56.719,2.388,17.291,1.364,7.291,-1.856,1.292,2.186,-0.882,-1.92,-0.36,1.688,-0.653,-4.161,-1.98,-2.323,1.621,-6.769,-0.411,24.17,7.426,6.677,6.204,8.389,7.012,5.415,5.166,4.86,4.377,3.971,5.379,6.555,4.775,5.113,4.947,4.227,4.073,4.418,4.729,3475.423,281.061,-0.867,7194.537,335.079
./fastapi_app/Голосовые/Алексей/Шкаф Алексей.wav,Алексей,Шкаф,-671.767,53.373,2.359,16.866,2.001,8.63,-0.073,1.713,-1.205,-1.772,-0.869,-1.112,0.911,-0.803,-0.805,0.443,-0.613,1.327,-3.87,2.431,25.492,3.992,4.299,3.924,3.856,4.102,3.869,3.253,4.704,4.332,3.341,4.338,4.32,3.871,4.156,4.526,4.375,4.284,4.378,3.074,3635.775,103.162,-0.204,7390.783,166.55
./fastapi_app/Голосовые/Алексей/Якурнов Алексей Вход 1.wav,Алексей,Вход,-461.985,97.478,8.576,-13.317,-20.47,-14.178,-8.586,-13.456,-13.339,-13.678,-17.942,-9.787,-9.034,-1.727,-4.673,-0.806,-4.875,-3.335,-5.691,-1.225,91.84,44.026,23.27,18.036,17.315,21.313,8.937,11.079,10.142,8.678,10.006,7.254,7.559,7.324,4.865,4.657,4.875,6.67,5.769,5.264,2470.335,924.155,-0.391,5554.343,2441.152
./fastapi_app/Голосовые/Алексей/Якурнов Алексей Вход 2.wav,Алексей,Вход,-430.314,95.791,-6.606,-7.162,-14.99,-8.236,-10.355,-20.744,-19.765,-7.425,-15.785,-8.758,-10.33,-9.706,-10.74,-7.623,-7.867,-1.037,-6.852,-2.117,77.402,40.773,24.531,19.457,13.942,8.559,10.525,13.709,11.51,5.977,6.951,7.558,6.763,5.255,6.031,6.438,5.228,5.479,4.647,4.733,2468.169,952.294,0.061,5118.54,2495.982
./fastapi_app/Голосовые/Алексей/Якурнов Алексей Вход 3.wav,Алексей,Вход,-485.508,95.094,18.934,-12.933,-19.273,-9.522,-10.017,-6.929,-13.143,-14.409,-17.25,-11.281,-9.745,-2.605,-6.67,-3.927,-5.96,-4.794,-7.21,-0.588,86.427,48.058,17.369,13.067,14.632,16.78,10.022,6.72,10.737,8.201,10.145,5.587,5.047,5.594,5.335,3.75,4.844,5.009,5.589,4.637,2570.535,1069.001,-0.582,5867.798,2758.656
./fastapi_app/Голосовые/Алексей/Якурнов Алексей Вход 4.wav,Алексей,Вход,-477.524,101.368,20.774,-11.831,-17.617,-14.627,-9.518,-11.068,-11.601,-12.698,-19.154,-11.906,-10.688,-1.123,-5.488,-3.24,-6.047,-5.743,-6.982,-0.557,93.815,42.115,19.903,20.985,20.767,15.098,10.392,7.271,12.466,7.261,11.55,3.988,5.233,5.51,6.163,4.489,5.249,3.912,4.49,3.694,2358.232,1035.933,-0.021,5326.531,2763.051
./fastapi_app/Голосовые/Алексей/Якурнов Алексей Вход 5.wav,Алексей,Вход,-441.439,103.11,16.397,-10.612,-22.409,-13.228,-11.173,-11.715,-14.492,-14.025,-22.153,-15.601,-8.601,-3.801,-8.247,-2.137,-6.712,-3.412,-6.414,-1.904,85.288,48.769,21.56,19.219,17.373,17.419,9.979,8.546,12.774,8.246,10.941,8.592,8.427,5.824,6.132,4.713,4.397,5.221,6.064,4.928,2308.143,1139.123,0.05,4912.607,2921.034
./fastapi_app/Голосовые/Алексей/Якурнов Алексей Вход 6.wav,Алексей,Вход,-474.858,92.053,18.28,-11.283,-17.512,-14.352,-12.002,-11.891,-13.609,-13.253,-18.867,-11.87,-10.014,-3.528,-7.169,-3.039,-6.241,-4.949,-5.994,-0.528,91.79,51.399,21.781,21.082,16.019,15.892,9.944,7.896,10.063,9.19,8.932,6.033,6.058,6.876,4.456,3.426,6.696,4.835,5.028,5.468,2656.936,1225.71,0.401,5875.383,2738.848
./fastapi_app/Голосовые/Алексей/Якурнов Алексей Пицца 1.wav,Алексей,Пицца,-464.974,74.94,10.553,-4.378,-6.691,-3.231,-18.318,-11.238,-13.92,-11.907,-18.5,-13.172,-8.552,-6.001,-8.792,-6.24,-6.889,-6.977,-3.75,-1.013,90.694,34.755,12.038,16.531,12.841,10.94,8.85,6.039,9.644,5.442,5.624,4.406,4.248,6.159,8.052,5.021,3.598,6.943,4.331,5.558,2930.81,1145.272,0.917,6377.009,1722.536
./fastapi_app/Голосовые/Алексей/Якурнов Алексей Пицца 2.wav,Алексей,Пицца,-466.43,81.669,7.584,-0.119,-6.034,-0.537,-12.872,-14.332,-11.331,-8.694,-20.092,-12.896,-7.569,-6.65,-8.598,-8.818,-10.237,-4.162,-3.46,-4.047,88.398,37.142,14.186,23.576,17.189,13.865,11.896,10.229,8.746,7.214,9.217,6.352,4.653,5.716,6.844,5.773,3.33,4.589,4.525,5.235,2717.776,1129.921,1.228,5979.134,2050.217
./fastapi_app/Голосовые/Алексей/Якурнов Алексей Пицца 3.wav,Алексей,Пицца,-455.223,54.14,10.402,-1.172,-8.345,-3.208,-21.285,-9.594,-12.606,-8.992,-22.404,-11.27,-8.513,-4.982,-5.781,-6.397,-5.182,-4.634,-5.49,-1.198,91.086,39.627,15.209,25.65,16.544,11.553,11.004,6.996,10.08,6.01,9.371,5.118,4.575,6.598,7.567,4.522,4.03,8.015,5.822,4.714,3421.473,1215.836,1.102,7103.021,1376.375
./fastapi_app/Голосовые/Алексей/Якурнов Алексей Пицца 4.wav,Алексей,Пицца,-425.595,78.507,12.658,-5.058,-4.79,-3.842,-20.142,-12.866,-13.438,-10.155,-17.894,-14.591,-11.496,-5.876,-5.955,-7.33,-8.584,-5.045,-4.912,-2.72,100.768,28.643,11.549,24.829,16.69,9.616,8.445,6.493,8.699,6.009,8.678,5.468,5.672,4.76,8.127,5.563,5.246,4.566,5.241,4.508,2799.975,935.558,0.586,6407.596,1632.729
./fastapi_app/Голосовые/Алексей/Якурнов Алексей Пицца 5.wav,Алексей,Пицца,-416.766,59.65,10.546,-1.484,-5.908,0.967,-18.779,-11.92,-16.617,-8.876,-20.151,-10.739,-8.018,-4.992,-9.378,-8.765,-9.228,-6.498,-5.071,-4.195,72.004,33.101,15.622,25.115,18.023,13.583,8.408,11.282,8.631,8.607,10.733,7.495,5.379,5.718,8.403,5.236,4.551,4.21,5.442,6.915,3387.159,1208.048,0.048,6986.056,1728.782
./fastapi_app/Голосовые/Алексей/Якурнов Алексей Привет 1.wav,Алексей,Привет,-475.798,93.436,11.304,5.455,-0.157,-14.196,-8.16,-22.011,-15.298,-8.396,-22.973,-13.164,-9.088,-4.918,-7.565,0.227,-10.002,-1.327,-6.2,0.432,113.202,24.034,14.266,14.315,17.117,11.936,6.371,15.429,7.017,4.597,16.704,8.514,4.901,4.424,5.489,4.766,6.389,6.75,4.012,5.497,2264.37,747.341,-0.457,5422.207,2209.881
./fastapi_app/Голосовые/Алексей/Якурнов Алексей Привет 2.wav,Алексей,Привет,-475.957,85.644,16.071,6.25,-3.174,-16.135,-5.711,-19.693,-16.921,-5.324,-22.649,-12.293,-12.898,-0.259,-8.071,-0.072,-7.78,-1.885,-4.59,-1.246,111.19,31.114,12.508,23.325,18.298,13.214,8.131,13.687,10.163,6.85,16.39,9.528,8.226,7.166,8.933,5.165,6.964,5.398,5.024,4.124,2611.951,1001.287,-0.353,6041.042,2601.933
./fastapi_app/Голосовые/Алексей/Якурнов Алексей Привет 3.wav,Алексей,Привет,-483.845,85.601,15.42,10.059,-2.258,-12.447,-7.629,-17.505,-16.661,-5.35,-24.211,-14.74,-11.594,-1.214,-5.674,1.274,-10.548,-1.449,-4.949,0.374,109.78,25.543,12.356,20.09,14.432,17.406,7.142,16.964,9.623,8.485,18.293,7.105,8.322,5.667,8.044,4.918,6.912,6.13,3.438,4.717,2425.773,840.784,-0.556,5601.324,2311.566
./fastapi_app/Голосовые/Алексей/Якурнов Алексей Привет 4.wav,Алексей,Привет,-471.35,91.775,11.551,7.066,-2.043,-11.561,-4.911,-21.325,-17.458,-7.603,-22.501,-14.943,-9.263,-2.494,-10.671,-0.903,-9.635,-3.265,-5.327,-1.559,114.477,31.763,17.331,16.527,16.053,12.757,7.069,13.998,9.513,4.251,15.693,9.5,5.79,4.512,7.218,7.49,5.967,4.555,3.977,4.563,2453.22,921.021,-0.068,5679.872,2391.274
./fastapi_app/Голосовые/Алексей/Якурнов Алексей Привет 5.wav,Алексей,Привет,-491.304,88.399,15.303,8.474,-5.678,-12.719,-5.887,-22.278,-20.245,-4.788,-24.138,-13.711,-11.049,-1.95,-6.72,0.344,-10.815,-0.96,-4.691,0.194,107.049,26.654,11.191,18.017,15.729,13.524,8.057,17.828,12.509,6.838,18.244,7.684,5.529,4.977,6.087,6.28,6.347,6.244,3.548,3.38,2357.52,851.216,-0.62,5558.503,2323.959
./fastapi_app/Голосовые/Алексей/Якурнов Алексей Собака 1.wav,Алексей,Собака,-409.413,109.596,7.388,-24.627,-15.58,-1.413,-18.184,-12.082,-18.827,-10.854,-20.209,-8.343,-6.093,-3.728,-8.808,-5.415,-9.397,-8.476,-4.948,-4.662,97.708,63.108,23.326,14.797,12.86,15.909,11.855,10.399,8.857,7.546,12.474,9.112,5.217,4.919,3.738,4.059,4.537,6.301,4.287,3.924,2470.744,1560.168,0.975,4614.145,2977.272
./fastapi_app/Голосовые/Алексей/Якурнов Алексей Собака 2.wav,Алексей,Собака,-417.6,85.997,4.403,-21.539,-14.559,-4.265,-17.265,-8.197,-14.534,-9.695,-15.392,-9.332,-6.486,-1.739,-8.579,-3.71,-8.737,-7.185,-5.024,-2.901,94.161,55.675,17.37,13.93,14.356,12.396,10.259,6.289,9.94,9.04,10.853,7.497,7.466,5.399,4.894,3.907,3.761,4.465,4.196,4.628,2975.723,1383.586,0.379,6084.353,2678.897
./fastapi_app/Голосовые/Алексей/Якурнов Алексей Собака 3.wav,Алексей,Собака,-395.156,74.511,3.967,-22.282,-17.632,-1.106,-23.932,-12.445,-16.487,-9.37,-17.544,-10.227,-10.495,-1.305,-8.681,-6.107,-6.436,-5.976,-4.014,-1.753,64.912,36.32,26.304,12.105,20.123,9.774,8.07,7.81,7.618,7.097,7.385,7.052,4.212,5.455,4.807,5.683,6.553,4.965,6.766,4.116,3082.777,1277.469,1.302,6303.356,1554.646
./fastapi_app/Голосовые/Алексей/Якурнов Алексей Собака 4.wav,Алексей,Собака,-457.653,73.215,20.83,-13.063,-13.856,-0.386,-16.699,-11.271,-15.847,-8.981,-16.913,-12.237,-8.569,-2.294,-5.829,-2.439,-8.083,-5.145,-3.147,-0.865,76.283,47.089,10.415,7.378,7.903,11.116,10.544,6.222,7.724,7.778,7.548,4.873,3.942,5.333,4.916,4.691,5.224,3.832,3.248,4.429,3284.274,1357.115,0.236,6801.556,2335.923
./fastapi_app/Голосовые/Алексей/Якурнов Алексей Шкаф (1).wav,Алексей,Шкаф,-441.888,89.121,-5.559,-20.71,-13.401,-5.375,-15.273,-7.98,-20.209,-7.061,-17.354,-5.613,-8.742,-3.399,-8.532,-5.252,-5.678,-7.737,-1.384,-3.187,101.269,58.082,17.254,22.152,11.762,10.252,10.245,9.101,11.469,7.888,8.14,8.559,6.457,6.099,6.255,4.77,5.967,6.672,5.469,4.047,2851.016,1163.276,-0.172,6010.211,2583.144
./fastapi_app/Голосовые/Алексей/Якурнов Алексей Шкаф (2).wav,Алексей,Шкаф,-436.096,82.216,-8.283,-18.311,-11.579,-7.217,-20.656,-10.691,-18.889,-6.95,-19.747,-8.363,-7.011,0.454,-9.839,-4.419,-6.194,-8.541,0.638,-2.739,105.868,62.303,21.683,20.901,10.444,10.55,8.081,7.546,7.741,8.877,7.319,7.06,5.537,5.433,9.167,4.995,4.034,9.542,5.036,5.361,2938.16,1222.306,0.38,6167.55,2267.152
./fastapi_app/Голосовые/Алексей/Якурнов Алексей Шкаф (3).wav,Алексей,Шкаф,-441.406,91.916,1.641,-13.563,-9.058,-9.406,-19.24,-14.303,-20.841,-8.007,-20.208,-7.976,-8.24,-3.455,-9.073,-2.983,-8.892,-7.775,-2.343,-3.85,111.732,49.868,26.285,21.996,8.614,9.968,8.896,6.493,6.99,10.089,9.23,7.552,5.396,5.743,7.046,5.075,4.454,6.738,5.368,4.588,2608.938,1060.882,0.663,5877.83,2205.873
./fastapi_app/Голосовые/Алексей/Якурнов Алексей Шкаф (4).wav,Алексей,Шкаф,-402.781,57.502,-9.21,-11.537,-16.965,-4.61,-18.23,-12.39,-20.202,-9.171,-17.588,-11.474,-6.208,-2.275,-9.537,-4.13,-6.526,-6.291,-0.923,-1.817,87.042,53.258,14.478,19.005,6.42,7.703,9.18,6.709,9.48,8.405,4.639,7.373,4.572,6.133,5.665,3.429,4.032,7.07,5.905,5.265,3470.006,1120.109,-0.498,6764.607,2134.521
./fastapi_app/Голосовые/Алексей/Якурнов Алексей Шкаф (5).wav,Алексей,Шкаф,-454.412,87.574,-0.835,-17.506,-11.814,-4.31,-15.334,-10.271,-17.721,-4.413,-17.728,-8.018,-7.907,-3.659,-9.78,-2.984,-5.626,-10.129,-4.282,-4.436,102.342,53.759,15.839,23.036,8.92,9.807,9.264,7.674,11.24,8.626,5.857,7.547,7.057,6.797,5.059,4.559,5.835,6.46,5.93,3.227,2824.455,1162.397,0.471,5953.441,2356.742
./fastapi_app/Голосовые/Арина/Титова Арина Вход (1).wav,Арина,Вход,-378.205,81.233,11.209,14.856,-10.851,2.112,-17.276,-8.413,-1.218,0.11,-0.636,2.876,-4.858,5.422,-4.082,-2.764,-2.256,-9.896,-3.795,-6.548,124.472,47.127,23.512,24.365,34.597,12.591,13.375,9.48,10.879,11.284,10.031,5.502,10.581,7.676,6.53,6.343,4.391,7.53,6.119,6.586,2535.943,945.993,-0.43,5367.64,2079.106
./fastapi_app/Голосовые/Арина/Титова Арина Вход (2).wav,Арина,Вход,-474.23,73.223,10.918,20.891,12.881,1.076,-3.561,4.212,2.624,5.314,-6.057,-1.34,-3.502,3.703,-7.681,-3.349,-2.108,-8.949,-1.007,-5.099,143.642,37.597,26.769,30.904,24.529,8.932,8.488,6.18,8.127,12.578,8.09,10.046,10.647,7.903,7.49,5.567,6.864,5.916,4.786,6.869,2700.985,909.7,-0.04,5864.617,2118.34
./fastapi_app/Голосовые/Арина/Титова Арина Вход (3).wav,Арина,Вход,-374.766,79.836,9.834,20.223,-15.637,-12.533,-10.589,-7.867,4.526,-2.985,-7.056,-1.298,-6.406,4.852,-9.275,-2.104,-1.637,-6.85,-2.858,-4.174,126.063,48.819,26.589,23.966,34.471,15.347,8.491,9.417,8.182,13.372,10.939,10.84,10.371,6.986,9.982,7.145,5.971,5.29,7.761,5.964,2698.023,1081.763,0.117,5284.933,2356.731
./fastapi_app/Голосовые/Арина/Титова Арина Вход (4).wav,Арина,Вход,-392.351,69.623,15.995,8.65,-8.676,0.842,-4.655,-6.382,6.22,-2.271,2.208,0.049,-1.783,5.704,-5.061,-4.981,-3.472,-6.899,-4.795,-5.451,151.427,54.708,18.34,18.639,32.337,11.129,12.693,13.451,11.319,14.532,8.552,7.137,9.221,8.056,6.567,5.66,6.456,4.52,6.534,5.386,2547.639,1103.507,0.511,5386.971,2363.738
./fastapi_app/Голосовые/Арина/Титова Арина Вход (5).wav,Арина,Вход,-409.015,86.544,15.818,15.659,-11.508,-5.367,-8.793,-9.639,2.312,1.445,-5.324,-2.923,-3.204,3.143,-7.209,-3.259,-0.946,-8.56,-1.308,-6.718,130.987,51.37,19.214,23.653,38.792,15.567,12.376,10.132,12.295,9.253,10.098,10.612,10.683,8.363,7.706,5.251,5.358,7.291,5.284,10.538,2253.412,855.451,-0.02,4656.066,2097.753
./fastapi_app/Голосовые/Арина/Титова Арина Пицца (1).wav,Арина,Пицца,-389.863,71.464,35.234,26.197,0.465,6.16,-24.469,-11.532,-3.802,-1.455,-4.181,-10.745,-2.668,-4.254,-4.108,-5.882,-4.866,4.029,-4.64,-6.144,162.222,43.111,19.992,33.559,17.891,10.243,12.089,10.747,7.98,8.073,8.876,5.505,8.6,6.796,4.934,6.331,6.874,5.428,5.615,4.114,2729.388,1355.517,0.94,5662.254,2356.586
./fastapi_app/Голосовые/Арина/Титова Арина Пицца (2).wav,Арина,Пицца,-326.428,102.046,-8.707,12.666,2.588,-4.594,-20.44,-7.582,-11.605,1.351,-4.67,1.134,-8.979,-3.851,-5.911,0.967,-6.731,-0.082,-5.867,-5.18,151.956,44.944,29.325,30.695,16.045,16.16,13.398,9.377,13.188,7.994,7.26,7.296,9.756,11.666,6.523,8.774,6.304,4.708,9.196,7.037,2126.301,1152.595,1.781,4124.832,2193.073
./fastapi_app/Голосовые/Арина/Титова Арина Пицца (3).wav,Арина,Пицца,-367.278,83.857,12.625,18.547,-1.376,-3.91,-19.909,-6.303,-9.052,6.216,-7.266,-2.978,-9.691,1.583,-7.782,-3.581,-4.065,-1.54,-3.446,-5.418,126.989,42.715,14.953,31.362,17.325,12.4,10.702,15.324,8.535,9.915,8.739,7.386,11.069,8.646,9.533,5.3,4.517,5.34,7.155,5.453,2553.764,1260.485,0.703,5108.018,2316.598
./fastapi_app/Голосовые/Арина/Титова Арина Пицца (4).wav,Арина,Пицца,-370.074,84.299,16.467,13.48,1.076,1.607,-18.24,-2.261,-6.212,4.645,-7.485,-5.707,-9.079,0.819,-11.51,-6.541,-4.64,-2.838,-5.729,-4.194,134.603,47.93,27.086,31.674,12.811,8.956,12.751,8.804,6.61,6.062,7.462,6.445,10.416,6.319,6.278,4.514,4.132,3.59,6.446,3.981,2508.73,1344.857,1.431,5277.592,2227.782
./fastapi_app/Голосовые/Арина/Титова Арина Пицца (5).wav,Арина,Пицца,-345.657,71.82,9.924,25.964,7.086,0.134,-23.777,0.987,-14.186,6.802,-8.565,-1.912,-6.769,3.598,-8.188,-0.125,-4.262,-2.948,-2.97,-4.629,124.492,45.404,23.091,29.848,13.204,14.299,11.298,11.81,8.841,9.907,5.566,7.414,11.048,5.091,4.193,6.513,5.466,5.907,8.116,5.16,2922.783,1320.879,1.033,5680.116,2168.269
./fastapi_app/Голосовые/Арина/Титова Арина Привет (1).wav,Арина,Привет,-379.189,76.793,12.071,39.175,14.827,2.764,-22.056,-9.76,7.991,-11.97,-0.34,5.083,3.581,-4.321,-7.437,-0.237,-4.272,-9.111,-1.883,-0.464,159.048,34.837,21.26,27.87,15.807,11.926,20.172,18.35,6.636,19.671,8.353,7.108,4.414,7.329,7.271,6.097,5.803,5.873,8.198,4.317,2253.363,839.833,0.386,5007.204,1788.72
./fastapi_app/Голосовые/Арина/Титова Арина Привет (2).wav,Арина,Привет,-395.491,76.017,6.93,34.958,9.491,-0.801,-1.301,-13.442,-8.797,-3.699,-12.982,0.346,-3.521,3.168,-10.473,0.941,-1.778,-7.626,-2.542,-4.492,141.252,37.548,23.553,27.955,20.335,16.251,11.04,15.551,15.221,10.089,7.697,7.843,7.866,11.529,6.926,3.095,4.682,5.567,5.483,5.126,2363.223,1100.637,1.045,5013.077,1965.201
./fastapi_app/Голосовые/Арина/Титова Арина Привет (3).wav,Арина,Привет,-367.66,85.243,-6.669,31.497,2.33,1.63,-3.268,-18.045,-10.831,-12.598,-14.32,1.982,-8.875,3.631,-11.47,-1.73,-1.475,-10.462,-2.742,-9.495,134.854,30.161,21.711,33.542,16.257,14.713,10.062,16.934,12.399,8.174,8.413,7.04,7.222,12.23,8.523,6.582,7.058,7.025,5.535,6.081,2121.042,725.611,0.089,4726.538,1528.832
./fastapi_app/Голосовые/Арина/Титова Арина Привет (4).wav,Арина,Привет,-334.506,80.494,16.322,39.84,12.107,3.208,-29.394,-16.207,-1.262,-13.451,-6.071,0.623,0.096,-0.506,-5.332,-0.977,0.218,-5.495,-4.677,-0.89,148.445,41.006,23.461,20.188,16.688,20.309,13.784,9.589,11.516,16.26,10.212,9.268,7.411,8.369,7.529,4.617,6.309,6.504,7.241,5.204,2243.221,1203.079,1.091,4639.671,2062.567
./fastapi_app/Голосовые/Арина/Титова Арина Привет (5).wav,Арина,Привет,-378.242,70.207,12.196,33.94,11.132,3.198,-24.225,-10.294,2.691,-12.457,-3.563,0.175,4.646,-0.133,-7.979,-2.296,-5.745,-10.022,-2.126,-1.034,187.2,37.852,19.613,26.906,15.609,12.621,17.573,12.088,8.197,14.344,8.095,8.713,8.217,5.889,7.014,5.396,5.611,5.817,6.255,3.507,2403.38,954.232,0.951,5299.126,1815.142
./fastapi_app/Голосовые/Арина/Титова Арина Собака (1).wav,Арина,Собака,-347.432,99.492,26.119,5.453,-5.336,17.331,-20.776,-7.772,0.297,-9.515,6.801,-2.398,-4.148,-4.002,-0.723,-6.008,-7.584,-1.933,-4.578,-7.619,163.592,64.782,33.578,23.351,23.643,17.457,12.786,11.041,9.318,13.854,10.114,7.916,9.529,8.445,4.337,5.748,5.07,5.631,5.437,6.432,2296.436,1389.736,1.244,4569.933,2819.941
./fastapi_app/Голосовые/Арина/Титова Арина Собака (2).wav,Арина,Собака,-273.65,110.943,2.167,1.275,-22.749,1.469,-14.581,-10.497,-3.753,-6.99,-4.753,0.964,-13.392,-2.314,-8.995,-8.195,-0.395,-4.956,-8.19,-3.953,131.524,54.581,36.991,13.278,22.058,11.379,9.566,10.192,6.229,5.044,7.547,9.385,11.706,8.299,5.772,6.153,6.3,6.431,8.629,6.847,2139.316,1462.101,1.76,3906.319,2420.864
./fastapi_app/Голосовые/Арина/Титова Арина Собака (3).wav,Арина,Собака,-285.842,93.724,0.256,-7.628,-5.371,3.618,-19.638,-15.721,-1.767,-1.834,-2.292,5.717,-13.316,7.904,-6.164,-8.054,-9.979,0.231,-5.228,-5.191,149.764,70.758,32.047,10.429,19.59,11.876,11.159,15.455,10.486,12.054,7.917,10.234,17.573,6.469,3.636,6.502,7.928,5.93,6.661,8.06,2585.019,1938.854,1.513,4589.753,2740.184
./fastapi_app/Голосовые/Арина/Титова Арина Собака (4).wav,Арина,Собака,-301.961,78.019,11.445,2.042,-9.322,9.635,-14.002,-10.034,1.223,-1.307,-0.21,7.751,-15.21,5.161,-4.452,-6.867,-10.639,3.009,-3.256,-10.046,144.536,81.696,35.293,19.854,22.9,8.719,10.775,17.718,9.305,14.219,10.505,10.78,14.656,7.761,5.941,5.676,7.405,6.892,6.32,8.385,2983.246,2076.611,0.748,5028.248,3041.595
./fastapi_app/Голосовые/Арина/Титова Арина Собака (5).wav,Арина,Собака,-368.415,79.45,20.723,-0.032,-8.203,23.17,-25.416,-0.026,5.765,-9.267,5.755,0.548,-9.781,-2.735,-2.312,-4.312,-4.128,-8.227,-0.294,-8.056,153.442,96.392,30.157,28.958,22.497,11.262,15.022,11.036,8.715,17.989,10.085,7.089,13.601,9.568,7.035,6.449,6.491,6.802,6.314,5.553,3104.179,2111.635,0.291,5003.289,3321.93
./fastapi_app/Голосовые/Арина/Титова Арина Шкаф (1).wav,Арина,Шкаф,-362.475,62.788,7.909,0.579,2.673,14.458,-9.306,-9.254,3.648,0.382,1.898,5.983,-3.535,-0.064,-1.845,-0.188,-9.456,-5.458,-0.358,-5.693,179.711,46.898,43.957,20.926,19.526,12.704,14.888,14.822,8.578,9.286,6.722,6.954,7.747,8.716,7.489,5.892,7.672,6.049,6.066,7.108,3122.163,1239.491,0.552,6361.349,2270.382
./fastapi_app/Голосовые/Арина/Титова Арина Шкаф (2).wav,Арина,Шкаф,-392.996,65.979,-8.169,13.406,15.338,21.693,-13.897,-1.77,6.429,0.788,4.674,3.158,-0.721,2.366,1.008,3.732,-9.873,-4.392,2.111,-7.809,198.845,51.841,43.207,20.39,22.112,11.453,19.155,11.76,9.774,10.266,6.026,7.355,8.172,10.638,6.063,5.038,9.497,5.886,5.971,6.412,2568.506,825.619,-0.134,5491.211,1946.288
./fastapi_app/Голосовые/Арина/Титова Арина Шкаф (3).wav,Арина,Шкаф,-385.25,70.094,-9.902,9.102,10.034,18.028,-19.217,2.957,6.677,-0.313,2.794,4.322,-5.113,-0.305,0.733,0.018,-10.628,-2.531,1.711,-5.176,191.406,50.204,39.165,21.315,19.445,9.605,19.838,12.964,8.664,11.268,7.327,5.251,9.405,6.904,4.758,3.567,7.574,4.54,2.964,6.567,2710.779,1029.024,0.776,5550.183,1876.913
./fastapi_app/Голосовые/Арина/Титова Арина Шкаф (4).wav,Арина,Шкаф,-312.011,56.496,-27.49,10.568,11.456,13.957,-23.903,-6.526,0.554,4.418,0.211,3.853,-0.697,3.692,-0.88,1.219,-10.851,-2.895,3.61,-8.792,179.159,53.04,30.886,24.581,22.5,14.252,14.483,10.729,8.222,11.479,9.265,7.045,11.332,12.094,7.423,5.762,9.023,4.562,4.402,7.686,2880.516,918.018,-0.272,5527.916,1895.217
./fastapi_app/Голосовые/Валентин/Балачков Валентин Вход (1).wav,Валентин,Вход,-344.365,113.374,15.168,10.392,3.461,-0.381,5.721,-1.327,-1.075,-2.534,3.125,1.542,2.201,4.089,3.029,5.069,-0.28,0.332,-2.1,0.61,99.253,56.161,22.612,20.003,19.897,24.448,13.645,7.041,12.681,7.604,8.378,8.619,6.228,7.111,5.988,5.215,5.202,6.27,2.932,3.835,2139.878,1268.144,0.478,4211.454,2843.02
./fastapi_app/Голосовые/Валентин/Балачков Валентин Вход (2).wav,Валентин,Вход,-363.028,103.262,21.442,17.697,9.191,1.588,12.439,0.985,3.839,0.579,7.582,0.64,4.243,6.535,2.011,9.888,2.099,3.476,-0.717,3.642,114.842,59.668,22.705,18.568,18.57,28.936,12.887,12.162,15.628,9.967,6.321,9.084,4.781,7.822,5.86,6.7,5.434,5.017,5.222,4.046,2116.841,1090.363,0.897,4810.958,2511.585
./fastapi_app/Голосовые/Валентин/Балачков Валентин Вход (3).wav,Валентин,Вход,-354.724,102.775,10.971,6.325,2.269,-8.695,8.745,-0.621,-2.48,-5.361,0.661,-3.776,3.116,0.382,2.05,4.062,0.524,-0.83,-5.629,2.244,107.172,62.463,26.971,25.041,21.423,28.476,7.583,8.002,14.41,11.255,6.749,10.195,6.646,6.722,8.642,3.526,7.589,5.333,4.415,5.163,2293.552,1231.178,0.489,4634.561,2796.4
./fastapi_app/Голосовые/Валентин/Балачков Валентин Вход (4).wav,Валентин,Вход,-340.163,110.079,10.688,8.817,2.531,-4.583,1.733,-3.97,-0.346,-3.92,3.098,-1.604,2.374,1.302,1.549,4.413,-2.272,-1.328,-4.285,0.913,106.057,55.255,25.846,19.231,17.618,25.908,11.462,10.933,14.663,10.648,5.725,10.069,6.093,6.95,5.789,5.521,4.308,4.061,4.342,4.984,1975.694,1085.872,0.767,3812.6,2383.389
./fastapi_app/Голосовые/Валентин/Балачков Валентин Вход (5).wav,Валентин,Вход,-319.366,85.26,11.459,10.152,-1.086,-4.381,2.952,-4.587,-4.74,-3.618,-0.035,-1.069,1.012,0.447,2.006,5.567,-2.285,2.486,-2.475,1.332,100.846,48.68,20.493,18.222,17.706,20.15,11.44,9.04,10.935,8.347,6.636,8.553,4.087,6.253,4.943,5.893,3.731,4.509,3.662,3.564,2496.937,1145.87,0.217,5392.355,2449.108
./fastapi_app/Голосовые/Валентин/Балачков Валентин Пицца (1).wav,Валентин,Пицца,-346.421,93.461,11.941,26.614,24.189,3.286,4.297,-4.315,-9.508,0.189,2.484,-5.883,0.182,0.474,-3.854,1.529,-4.566,1.081,-6.42,-0.735,124.01,48.092,25.81,29.193,16.341,15.133,8.089,7.141,18.242,8.485,4.665,13.172,7.407,6.683,5.818,7.691,6.754,4.495,7.134,4.464,2286.902,1626.438,1.464,4544.729,2657.624
./fastapi_app/Голосовые/Валентин/Балачков Валентин Пицца (2).wav,Валентин,Пицца,-305.315,88.366,-5.857,21.951,19.778,-3.044,4.824,-6.496,-14.005,-7.718,2.975,-3.427,-0.904,0.488,-2.367,2.223,-5.041,1.829,-6.16,-0.311,118.229,45.79,30.776,19.997,8.341,12.094,7.725,6.087,16.576,6.803,5.995,13.792,7.647,5.981,7.444,7.397,6.035,4.698,6.947,4.071,2526.214,1537.163,1.378,5000.842,2677.139
./fastapi_app/Голосовые/Валентин/Балачков Валентин Пицца (3).wav,Валентин,Пицца,-325.43,95.47,8.202,29.606,28.556,-4.734,-0.435,-9.7,-13.199,-4.008,2.357,-5.556,1.611,2.171,-2.632,3.276,-5.761,1.625,-7.034,1.969,103.149,48.337,23.505,28.287,17.442,17.317,7.97,7.858,15.188,6.079,5.375,13.917,5.071,5.613,7.102,6.782,3.895,5.166,6.856,4.472,2559.247,1610.121,1.371,5023.753,2608.957
./fastapi_app/Голосовые/Валентин/Балачков Валентин Пицца (4).wav,Валентин,Пицца,-361.379,92.884,21.359,24.575,20.454,-6.881,5.389,-7.824,-5.154,-0.247,4.957,-0.984,0.182,3.627,-4.698,2.476,-7.751,1.284,-8.646,0.968,115.357,49.062,27.063,32.419,13.249,15.989,9.999,10.872,14.188,6.51,7.074,11.746,6.362,6.297,8.488,6.21,5.017,6.119,6.073,5.408,2826.436,2005.259,1.296,5661.03,3001.683
./fastapi_app/Голосовые/Валентин/Балачков Валентин Пицца (5).wav,Валентин,Пицца,-345.53,76.162,14.953,35.65,17.468,0.315,-4.335,-6.163,-9.962,-3.083,0.872,-9.864,-3.526,-0.146,-1.18,1.784,-8.527,0.445,-6.079,-0.254,119.9,57.137,25.08,28.069,18.342,16.876,7.376,10.811,13.27,5.781,5.601,11.817,8.11,6.27,7.931,5.796,7.182,3.988,5.87,6.098,2807.719,1834.29,0.816,5343.726,2589.184
./fastapi_app/Голосовые/Валентин/Балачков Валентин Привет (1).wav,Валентин,Привет,-366.865,106.238,-0.454,29.42,30.317,-13.193,3.947,-8.84,-9.969,-2.555,0.188,-9.136,0.531,-1.332,-1.32,2.896,-5.449,4.709,-2.654,2.168,159.867,48.77,41.677,14.989,22.704,26.829,5.81,13.789,13.441,4.879,7.884,13.033,4.561,5.785,6.299,7.241,7.099,7.306,4.696,4.141,1626.998,406.91,-0.112,3630.955,1075.501
./fastapi_app/Голосовые/Валентин/Балачков Валентин Привет (2).wav,Валентин,Привет,-354.995,107.936,-0.371,28.06,26.79,-9.626,-4.854,-7.676,-8.965,-1.496,0.862,-6.505,0.783,0.262,4.053,3.825,-3.708,3.906,-3.234,0.422,137.28,45.413,35.964,18.091,23.071,23.177,10.885,8.34,15.834,5.831,8.798,11.947,4.434,7.854,5.664,7.495,4.476,6.462,2.772,4.6,1899.327,1084.41,1.807,3759.502,1868.283
./fastapi_app/Голосовые/Валентин/Балачков Валентин Привет (3).wav,Валентин,Привет,-326.366,123.783,10.642,32.018,33.756,1.274,5.291,-3.151,-1.124,2.415,7.809,-2.362,3.08,3.729,5.802,6.001,-0.56,5.241,-1.709,3.053,102.117,41.597,34.339,11.491,24.666,22.764,16.163,10.867,16.547,9.056,11.433,13.479,5.703,7.943,5.551,5.083,5.988,5.91,3.828,4.015,1512.389,1093.302,1.731,3088.012,2419.802
./fastapi_app/Голосовые/Валентин/Балачков Валентин Привет (4).wav,Валентин,Привет,-345.255,114.603,3.357,30.646,29.684,-13.298,-1.496,-10.376,-12.122,-5.078,0.765,-8.443,2.009,0.34,1.163,4.874,-4.539,5.62,-2.884,1.584,129.522,50.21,37.52,17.755,27.487,26.497,8.344,9.103,14.808,6.253,9.745,13.328,4.151,7.149,4.802,6.333,7.79,6.439,3.5,4.42,1735.059,1089.368,1.956,3477.903,1857.021
./fastapi_app/Голосовые/Валентин/Балачков Валентин Привет (5).wav,Валентин,Привет,-302.019,118.732,2.166,23.501,18.028,-6.469,-7.373,-11.974,-8.41,-2.993,0.203,-7.646,-3.294,1.402,3.833,-0.741,-4.461,1.133,-5.106,-3.428,129.974,39.141,32.594,20.182,19.993,20.091,10.338,9.017,13.657,8.633,6.398,9.69,3.63,5.496,6.511,6.347,8.042,6.322,5.767,5.578,1719.855,941.567,1.479,3506.486,2115.355
./fastapi_app/Голосовые/Валентин/Балачков Валентин Собака (1).wav,Валентин,Собака,-328.59,135.949,-0.17,4.389,9.781,-9.668,4.564,-8.051,-12.846,-1.714,1.33,0.841,8.872,-5.744,1.263,2.76,-7.856,-2.019,-8.209,-2.126,129.159,73.823,18.636,8.537,10.125,22.333,6.162,10.264,13.03,12.885,9.658,6.601,9.359,11.043,6.466,6.025,6.188,5.393,6.161,4.79,1840.64,1481.728,1.552,3389.547,2769.116
./fastapi_app/Голосовые/Валентин/Балачков Валентин Собака (2).wav,Валентин,Собака,-306.788,122.914,1.959,6.542,10.919,-3.651,1.711,-6.842,-14.17,-1.934,0.138,0.84,7.424,-0.362,1.234,1.29,-7.336,-2.161,-7.643,-1.443,124.426,67.357,25.008,9.139,11.724,19.423,6.862,9.661,16.076,11.765,8.209,7.879,9.592,8.957,4.063,6.718,6.639,4.71,4.989,3.337,2026.786,1520.675,1.314,3907.469,2914.087
./fastapi_app/Голосовые/Валентин/Балачков Валентин Собака (3).wav,Валентин,Собака,-322.273,131.677,5.007,6.786,8.149,-10.799,3.44,-8.49,-14.812,-5.346,1.345,-0.682,7.382,-6.412,-0.302,1.841,-9.123,-1.897,-8.754,-3.027,143.736,72.859,31.369,13.083,9.959,21.442,7.765,8.988,11.431,10.513,6.288,6.267,12.327,10.732,5.993,7.347,6.311,4.158,6.294,4.08,1915.3,1607.082,1.909,3620.759,2765.995
./fastapi_app/Голосовые/Валентин/Балачков Валентин Собака (4).wav,Валентин,Собака,-317.029,125.384,3.765,4.123,9.871,-11.817,5.494,-9.841,-13.406,-2.707,1.681,-1.74,7.843,-4.598,-2.849,1.853,-9.519,-0.704,-8.105,-1.556,120.129,76.102,28.598,8.866,9.204,21.347,7.011,9.497,13.298,10.715,7.695,4.933,13.942,9.474,5.699,5.781,6.733,4.964,5.758,4.999,2333.51,1967.672,1.146,4132.443,3366.342
./fastapi_app/Голосовые/Валентин/Балачков Валентин Собака (5).wav,Валентин,Собака,-360.139,125.86,8.022,5.665,6.177,-6.707,5.955,-4.413,-9.736,-2.954,1.613,1.514,6.909,-2.686,-2.678,0.388,-6.953,0.053,-6.178,-0.61,151.241,75.649,29.353,13.609,13.364,17.425,8.022,9.305,11.483,11.371,8.391,6.411,10.315,7.698,5.053,4.293,5.823,4.668,6.001,4.327,2144.255,1593.608,1.493,4429.722,3052.877
./fastapi_app/Голосовые/Валентин/Балачков Валентин Шкаф (1).wav,Валентин,Шкаф,-373.293,102.061,-5.517,15.758,13.372,-2.645,9.507,-4.53,-7.736,3.556,6.136,4.498,3.072,-2.907,-1.333,2.614,-3.245,-0.036,-5.907,-1.616,151.346,55.442,40.141,23.259,9.771,18.384,7.285,9.978,12.401,6.038,7.342,6.111,6.163,7.808,5.671,5.837,3.122,5.618,6.349,4.19,2060.061,837.634,0.61,4278.647,2083.281
./fastapi_app/Голосовые/Валентин/Балачков Валентин Шкаф (2).wav,Валентин,Шкаф,-338.453,107.829,-7.04,16.492,14.376,-6.616,6.76,-2.816,-9.496,3.761,6.927,5.296,4.825,-1.475,1.668,4.867,-7.553,1.637,-6.943,-0.367,146.949,58.57,35.194,20.26,10.311,20.3,8.738,8.835,17.284,7.034,6.136,3.711,7.277,11.186,6.246,6.953,6.833,4.616,6.258,3.184,2094.987,833.351,0.239,4458.79,2388.417
./fastapi_app/Голосовые/Валентин/Балачков Валентин Шкаф (3).wav,Валентин,Шкаф,-345.415,102.162,-5.98,12.945,5.141,-4.075,11.544,-4.799,-7.743,6.379,10.2,1.856,2.929,-3.867,-1.353,1.209,-4.257,-0.135,-4.754,-2.936,138.585,52.394,38.014,20.217,11.334,20.328,8.366,8.444,17.5,7.952,6.486,4.788,7.489,7.01,4.788,8.151,4.354,5.693,7.075,5.132,2196.52,902.628,0.551,4496.524,2149.67
./fastapi_app/Голосовые/Валентин/Балачков Валентин Шкаф (4).wav,Валентин,Шкаф,-375.319,101.136,-6.024,13.843,12.217,-5.245,8.859,-3.219,-9.414,0.123,4.71,2.217,5.294,-3.05,1.217,3.475,-5.882,-0.461,-5.539,-1.326,141.259,55.135,44.681,20.128,13.651,18.069,6.666,8.687,15.712,7.036,6.272,5.617,7.867,9.667,4.591,6.278,5.093,4.955,6.136,4.711,2467.048,1370.096,1.078,5016.747,2870.514
./fastapi_app/Голосовые/Валентин/Балачков Валентин Шкаф (5).wav,Валентин,Шкаф,-381.338,104.979,-5.114,15.523,10.774,-5.968,9.414,-1.319,-7.327,1.995,4.406,2.997,3.313,1.538,-2.022,1.302,-2.717,-0.418,-4.597,-0.425,144.736,59.291,40.989,21.302,12.555,16.891,8.837,8.777,11.313,5.716,8.354,6.723,7.771,6.194,4.819,6.9,5.468,6.914,6.357,5.133,2055.064,885.185,1.222,4239.105,1925.6
./fastapi_app/Голосовые/Владимир/Шарубин Владимир Вход (1).wav,Владимир,Вход,-414.349,123.751,-17.855,19.691,-7.715,-4.916,-2.264,5.021,-8.211,-8.393,-4.55,-8.465,-4.831,-1.799,-0.458,-4.13,-1.671,-1.216,0.086,-6.744,119.984,53.471,38.419,12.658,26.749,22.757,11.306,9.519,14.134,9.917,8.229,6.963,8.81,10.197,6.622,7.459,6.331,3.535,7.15,4.698,1538.826,530.071,0.029,3036.671,1141.456
./fastapi_app/Голосовые/Владимир/Шарубин Владимир Вход (2).wav,Владимир,Вход,-399.456,146.639,-19.363,27.523,-16.05,0.684,-8.317,5.106,-10.434,-1.376,-4.892,-6.293,-3.077,-5.397,3.491,-4.526,1.477,-3.707,4.343,-3.992,90.303,38.516,23.39,16.604,16.17,23.4,11.861,12.469,11.427,9.33,8.941,5.455,8.808,6.163,6.202,6.921,6.397,5.371,5.951,3.976,1496.427,536.033,0.334,3101.515,1450.062
./fastapi_app/Голосовые/Владимир/Шарубин Владимир Вход (3).wav,Владимир,Вход,-443.048,131.852,-1.739,21.749,-8.153,-0.119,-1.976,2.871,-10.548,-4.437,-2.898,-5.12,-3.491,-3.715,0.631,-2.514,4.347,-0.611,1.374,-2.451,96.094,48.072,26.594,13.628,17.017,24.7,11.684,12.279,11.767,9.857,8.216,5.798,6.918,5.766,5.182,6.703,6.258,3.937,4.791,5.258,1556.287,665.983,1.013,3263.748,1588.051
./fastapi_app/Голосовые/Владимир/Шарубин Владимир Вход (4).wav,Владимир,Вход,-457.3,142.589,-2.018,33.522,-4.558,2.672,3.025,7.422,-11.684,-2.835,-3.194,-6.264,-7.651,-7.61,-1.443,-7.493,-0.753,-5.701,0.908,-5.48,112.484,46.931,23.085,13.626,18.595,20.607,13.024,9.024,12.637,8.87,6.468,6.846,5.843,6.962,4.691,5.619,7.257,5.071,5.338,6.449,1248.431,501.671,0.036,2651.276,1447.286
./fastapi_app/Голосовые/Владимир/Шарубин Владимир Вход (5).wav,Владимир,Вход,-471.459,136.936,-8.92,26.741,-11.413,0.78,4.512,7.641,-11.559,-1.042,-1.9,-5.201,-7.298,-8.572,-1.649,-6.647,1.614,-3.963,-0.53,-5.188,120.088,53.666,29.482,18.442,19.938,19.158,14.098,7.316,15.374,7.96,5.023,6.05,6.237,6.709,4.926,5.783,6.896,3.791,7.095,4.459,1487.108,687.675,0.026,3168.562,1760.627
./fastapi_app/Голосовые/Владимир/Шарубин Владимир Пицца (1).wav,Владимир,Пицца,-507.57,99.318,-0.663,34.137,2.682,15.489,-3.257,8.46,-6.714,3.691,-2.129,-5.271,-1.775,-4.363,-1.991,-5.413,0.502,-5.095,0.195,-5.294,130.54,59.0,21.071,29.986,19.9,17.082,17.647,10.286,11.367,6.891,7.893,8.138,5.872,6.291,8.476,4.777,6.052,6.141,4.688,5.374,2148.092,1258.297,0.95,4327.44,1938.388
./fastapi_app/Голосовые/Владимир/Шарубин Владимир Пицца (2).wav,Владимир,Пицца,-481.704,95.57,3.328,32.041,5.958,10.58,-6.436,7.689,-7.225,3.96,-0.772,-4.849,-3.651,-7.723,-0.726,-3.387,-0.547,-3.881,-2.079,-5.989,141.268,50.649,25.835,32.098,17.715,10.545,21.455,9.07,15.206,7.25,7.567,11.549,4.442,7.616,9.609,5.903,6.137,5.039,4.602,4.975,1973.407,1001.396,1.248,4214.099,1765.413
./fastapi_app/Голосовые/Владимир/Шарубин Владимир Пицца (3).wav,Владимир,Пицца,-484.032,102.423,-2.01,31.983,5.427,10.986,-4.296,7.408,-9.06,2.979,-1.648,-7.102,-4.62,-8.904,-1.903,-4.993,-2.381,-5.633,-2.934,-5.475,127.019,53.779,23.772,32.146,18.37,13.658,21.387,10.913,14.706,7.93,7.774,9.073,5.865,7.976,9.36,6.239,6.065,5.092,6.21,4.83,1987.826,1174.033,1.296,4065.674,1889.64
./fastapi_app/Голосовые/Владимир/Шарубин Владимир Пицца (4).wav,Владимир,Пицца,-497.946,102.737,-2.86,30.147,3.388,8.521,-5.174,7.459,-10.001,3.025,-2.845,-7.632,-4.073,-7.117,-1.571,-5.153,-1.903,-6.049,-3.377,-5.416,131.491,54.603,25.782,31.26,18.276,14.078,19.021,11.546,14.556,8.271,7.038,9.991,5.521,7.147,9.204,6.347,5.784,5.737,5.956,4.545,2015.77,1179.248,1.427,4151.259,1859.283
./fastapi_app/Голосовые/Владимир/Шарубин Владимир Пицца (5).wav,Владимир,Пицца,-505.479,107.613,0.035,35.748,4.492,8.612,-5.118,7.774,-10.029,3.624,-1.718,-6.473,-2.06,-6.966,-1.77,-4.865,-1.363,-5.524,-2.584,-6.972,123.605,55.928,22.052,30.858,20.676,14.247,17.025,10.576,14.734,8.851,7.216,11.006,5.198,6.552,9.203,5.836,5.815,5.022,4.94,5.04,1929.015,1121.125,1.179,4134.13,1916.453
./fastapi_app/Голосовые/Владимир/Шарубин Владимир Привет (1).wav,Владимир,Привет,-374.592,130.108,-25.586,47.831,15.427,5.698,-0.789,5.849,-5.624,6.683,0.962,-8.365,-0.546,-3.362,3.706,0.547,3.307,0.887,6.342,-2.405,107.735,44.098,33.141,29.357,21.859,19.653,11.795,8.842,11.409,4.503,9.698,10.646,5.351,4.845,6.195,7.044,3.793,4.13,5.137,5.43,1605.206,625.52,0.659,3510.891,1329.878
./fastapi_app/Голосовые/Владимир/Шарубин Владимир Привет (2).wav,Владимир,Привет,-455.063,112.32,-19.769,33.591,17.891,-3.718,-2.265,-2.537,-9.246,0.082,-3.285,-11.243,-5.727,-5.656,-2.311,-0.725,-1.918,-2.941,0.862,-4.549,144.671,58.923,43.343,28.347,22.513,17.954,10.237,7.865,11.276,5.571,9.158,10.007,5.54,4.607,3.786,5.759,4.059,5.58,4.906,3.828,1835.321,630.092,-0.212,4069.286,1441.961
./fastapi_app/Голосовые/Владимир/Шарубин Владимир Привет (3).wav,Владимир,Привет,-406.692,134.315,-28.766,40.529,15.718,-6.493,-4.792,-1.661,-15.844,-1.187,-5.896,-13.48,-3.697,-5.104,0.006,-1.27,-1.575,-2.421,2.881,-8.505,118.346,48.522,42.684,26.71,22.275,18.722,11.923,8.268,10.68,6.692,9.577,11.603,5.138,6.446,7.299,4.376,4.253,4.349,5.098,4.271,1641.585,700.02,1.073,3525.817,1470.062
./fastapi_app/Голосовые/Владимир/Шарубин Владимир Привет (4).wav,Владимир,Привет,-396.664,132.596,-30.618,41.012,14.161,-4.873,-5.845,-1.993,-12.902,0.812,-6.673,-15.215,-7.046,-8.331,-1.841,0.997,2.36,-0.101,5.664,-4.667,112.368,45.343,37.656,27.124,21.95,18.72,10.724,9.103,9.365,6.405,10.123,9.874,4.218,4.346,5.399,4.058,5.676,6.351,4.14,7.489,1605.876,538.387,0.901,3458.037,1200.318
./fastapi_app/Голосовые/Владимир/Шарубин Владимир Привет (5).wav,Владимир,Привет,-411.693,134.413,-27.538,43.031,17.704,1.972,-9.733,-3.41,-13.462,0.577,-2.934,-13.03,-3.473,-4.92,2.537,0.25,-1.029,-0.003,6.741,-3.961,104.962,42.66,35.776,28.004,22.822,17.874,10.786,6.977,10.897,6.174,9.558,9.93,7.195,7.27,6.8,6.021,3.932,6.401,5.058,2.625,1531.667,714.491,2.001,3171.743,1212.918
./fastapi_app/Голосовые/Владимир/Шарубин Владимир Собака (1).wav,Владимир,Собака,-421.271,146.666,-21.824,21.107,-9.903,6.561,-4.827,6.34,-14.334,1.617,1.584,-2.126,-4.262,-10.036,-1.458,-5.349,2.613,-8.786,-3.287,-5.435,123.431,70.509,37.385,11.686,17.514,20.602,16.006,13.998,12.194,9.834,8.774,7.063,7.239,5.71,5.254,4.274,3.707,6.28,4.529,6.498,1764.658,1376.708,1.84,3196.212,2055.759
./fastapi_app/Голосовые/Владимир/Шарубин Владимир Собака (2).wav,Владимир,Собака,-443.297,144.796,-14.611,14.934,-5.371,6.96,-3.68,6.79,-10.281,-0.679,-0.031,-0.213,-5.28,-7.899,-0.591,-3.563,0.72,-8.773,-1.184,-4.214,138.333,72.551,32.144,10.704,17.029,21.072,19.689,12.746,13.005,10.457,5.659,5.989,4.065,6.36,6.678,5.648,6.896,8.011,4.166,5.112,1673.102,1150.249,1.536,3208.937,2132.195
./fastapi_app/Голосовые/Владимир/Шарубин Владимир Собака (3).wav,Владимир,Собака,-429.014,149.277,-15.354,19.036,-9.614,9.523,1.073,5.272,-10.113,2.291,-0.176,-0.439,-2.617,-7.43,-2.294,-5.82,1.323,-8.079,-3.03,-4.595,119.794,70.033,30.613,12.131,17.401,20.444,19.017,14.262,11.892,11.702,7.399,7.018,5.892,6.202,7.605,4.266,5.454,6.822,5.972,5.631,1608.586,1248.94,1.608,2867.586,2130.785
./fastapi_app/Голосовые/Владимир/Шарубин Владимир Собака (4).wav,Владимир,Собака,-435.904,151.623,-17.807,22.064,-11.887,10.905,-3.563,6.525,-10.869,2.771,-0.607,-0.358,-5.204,-11.323,-2.391,-5.811,2.123,-9.697,-1.723,-5.659,127.707,71.407,32.761,10.329,18.701,19.702,16.668,13.938,11.123,12.951,6.09,6.69,5.747,5.18,6.149,6.11,6.083,6.558,4.312,6.525,1686.676,1381.417,1.651,2963.262,2244.872
./fastapi_app/Голосовые/Владимир/Шарубин Владимир Собака (5).wav,Владимир,Собака,-432.295,151.717,-23.388,24.733,-10.717,11.358,-4.432,6.76,-12.641,2.149,0.428,-0.937,-6.047,-9.443,-0.059,-5.174,1.917,-9.934,-2.48,-4.888,117.164,75.408,30.927,13.378,18.2,23.485,15.678,12.243,12.601,12.175,7.14,7.278,5.699,6.353,7.014,6.032,6.145,5.829,5.341,5.455,1691.655,1337.735,1.438,2941.974,2199.092
./fastapi_app/Голосовые/Владимир/Шарубин Владимир Шкаф (1).wav,Владимир,Шкаф,-479.509,103.105,-55.089,33.005,-20.148,17.923,-16.177,9.58,-12.785,1.352,4.701,0.158,-2.936,-12.241,1.216,-3.306,4.184,-7.603,0.983,-4.593,143.101,62.794,45.963,24.194,18.207,17.303,14.037,12.373,9.953,4.419,7.232,4.817,3.956,5.092,7.185,6.028,6.433,6.676,5.394,5.496,2310.205,753.263,-0.335,4377.602,1399.924
./fastapi_app/Голосовые/Владимир/Шарубин Владимир Шкаф (2).wav,Владимир,Шкаф,-480.791,117.189,-33.227,25.469,-13.944,9.54,-8.514,4.248,-11.182,0.672,3.856,-0.173,-0.979,-8.521,0.325,-3.346,2.461,-7.116,-0.777,-2.768,125.704,58.683,40.598,21.007,13.226,13.622,10.191,10.747,10.446,6.788,6.654,6.596,3.662,5.097,5.426,4.726,5.062,6.98,5.191,4.654,1974.42,681.113,0.243,3923.692,1320.641
./fastapi_app/Голосовые/Владимир/Шарубин Владимир Шкаф (3).wav,Владимир,Шкаф,-473.484,111.787,-40.029,24.671,-13.092,11.2,-8.744,8.653,-10.315,0.113,2.453,1.352,0.489,-11.268,1.376,-2.04,2.582,-5.898,-0.715,-3.905,131.456,57.618,43.696,22.507,11.756,14.327,13.96,10.426,11.211,5.667,5.868,6.241,3.546,8.378,5.536,5.614,5.665,6.061,4.376,4.401,2034.904,628.959,-0.074,4038.944,1312.692
./fastapi_app/Голосовые/Владимир/Шарубин Владимир Шкаф (4).wav,Владимир,Шкаф,-492.727,103.75,-43.614,33.757,-14.443,19.671,-11.269,5.824,-11.924,2.425,4.032,-2.983,-1.423,-11.128,0.513,-2.836,3.953,-8.27,-2.735,-5.255,131.357,58.399,43.689,22.621,13.031,18.437,11.45,10.663,9.502,5.519,4.684,6.792,4.625,5.736,5.934,4.213,5.722,5.631,4.871,5.42,2230.267,725.021,-0.113,4398.646,1335.235
./fastapi_app/Голосовые/Владимир/Шарубин Владимир Шкаф (5).wav,Владимир,Шкаф,-465.69,99.117,-49.817,34.02,-18.635,19.389,-16.037,9.662,-11.757,1.576,4.374,-3.539,-1.844,-13.524,1.13,-2.963,4.313,-7.901,0.586,-1.48,125.232,68.365,46.671,25.401,16.127,17.756,15.119,15.027,8.119,5.041,7.205,6.735,3.965,5.809,6.932,5.52,5.641,6.45,4.901,6.108,2469.72,1068.71,0.774,4472.055,1584.627
./fastapi_app/Голосовые/Данил Лебедев/Лебедев Данил Вход (1).wav,Данил Лебедев,Вход,-503.757,75.095,19.387,20.803,0.681,4.758,-11.432,8.734,-10.144,-1.826,-4.797,-4.242,-3.311,-1.242,1.334,-1.746,-5.763,-2.331,-2.068,-4.809,173.145,57.812,28.205,21.62,18.047,12.002,11.995,7.272,10.118,8.143,7.906,7.39,3.752,4.174,6.879,6.248,5.41,3.779,4.837,4.558,1235.325,1134.178,0.782,2763.346,2774.469
./fastapi_app/Голосовые/Данил Лебедев/Лебедев Данил Вход (2).wav,Данил Лебедев,Вход,-544.65,72.401,18.708,18.925,-0.404,0.146,-10.383,15.06,-9.894,-0.269,-2.963,-3.031,-1.526,-2.599,0.849,-1.177,-3.285,-0.927,-1.543,-4.589,152.731,65.227,23.242,25.628,23.228,16.978,11.639,13.128,10.393,7.002,8.744,8.757,3.59,6.585,6.269,3.932,6.698,4.506,3.73,5.148,1455.775,1474.377,0.715,3135.039,3322.824
./fastapi_app/Голосовые/Данил Лебедев/Лебедев Данил Вход (3).wav,Данил Лебедев,Вход,-530.175,86.804,10.72,23.323,2.425,-1.543,-6.629,9.528,-9.346,-3.329,-6.144,-2.294,-3.262,-3.374,3.234,-1.308,-2.679,0.499,-0.288,-4.416,160.391,71.938,28.896,25.256,19.051,16.698,12.225,10.472,10.23,7.725,9.948,6.166,4.011,7.829,7.598,6.09,6.817,4.677,6.915,5.467,1062.185,1108.195,1.113,2045.899,2424.546
./fastapi_app/Голосовые/Данил Лебедев/Лебедев Данил Вход (4).wav,Данил Лебедев,Вход,-532.692,86.774,13.144,14.674,-2.877,-3.642,-8.314,10.943,-8.013,-3.149,-7.296,-4.397,-2.231,-3.804,2.688,-1.613,-1.53,-1.464,-0.782,-7.989,158.599,76.984,18.872,23.02,22.73,16.294,12.48,10.46,10.834,9.524,8.982,7.972,4.755,7.562,8.969,5.48,7.093,7.315,8.153,6.47,1245.136,1423.79,1.149,2508.129,3046.904
./fastapi_app/Голосовые/Данил Лебедев/Лебедев Данил Вход (5).wav,Данил Лебедев,Вход,-536.252,85.373,17.234,18.259,-0.782,1.528,-7.219,9.626,-6.468,-2.474,-7.276,-2.416,-1.626,-5.722,4.702,0.06,-4.174,-1.181,0.383,-6.234,161.653,70.786,21.285,24.028,24.227,17.554,12.112,8.61,11.743,6.832,8.872,7.627,6.236,8.124,7.981,7.192,7.447,5.472,7.614,6.269,1181.638,1337.399,1.511,2378.685,2845.612
./fastapi_app/Голосовые/Данил Лебедев/Лебедев Данил Пицца (1).wav,Данил Лебедев,Пицца,-612.942,61.584,18.009,15.331,9.827,3.945,-9.406,6.194,-5.952,-0.532,1.427,-4.113,-8.178,1.944,-4.466,-2.157,-2.458,-5.214,-2.73,-3.026,216.153,58.112,25.828,26.718,11.589,5.527,11.512,7.096,8.784,7.674,6.572,5.683,10.771,4.963,6.06,4.598,4.392,4.651,4.155,3.979,1808.172,2079.974,1.618,3490.092,3282.69
./fastapi_app/Голосовые/Данил Лебедев/Лебедев Данил Пицца (2).wav,Данил Лебедев,Пицца,-528.11,58.249,10.748,16.778,2.347,5.094,-8.32,11.015,-12.006,-0.72,-0.835,0.566,-6.745,-2.404,-3.858,-1.306,-3.903,-5.766,-3.302,-2.767,206.895,62.983,17.763,33.982,15.277,8.804,12.543,11.978,12.447,5.588,6.821,6.213,7.762,7.167,4.116,5.949,6.574,7.675,5.137,5.105,1836.653,2014.449,1.5,3515.54,3088.237
./fastapi_app/Голосовые/Данил Лебедев/Лебедев Данил Пицца (3).wav,Данил Лебедев,Пицца,-520.304,56.909,12.551,24.833,8.426,1.547,-12.29,10.932,-9.518,-1.782,-1.554,-0.961,-4.301,-0.651,-4.103,-2.635,-2.898,-3.539,-2.771,-3.4,183.915,58.994,22.47,37.523,16.821,9.625,18.092,9.959,11.679,7.352,5.49,4.996,7.51,7.69,5.299,4.363,6.758,5.338,5.571,4.702,1709.027,1792.227,1.29,3367.744,3074.804
./fastapi_app/Голосовые/Данил Лебедев/Лебедев Данил Пицца (4).wav,Данил Лебедев,Пицца,-633.354,67.677,11.399,16.81,3.726,4.404,-12.127,9.485,-11.195,-1.73,-2.332,0.207,-4.679,-0.295,1.331,-4.057,-2.501,-3.15,-4.586,-2.86,208.304,71.764,18.584,31.149,8.066,8.089,12.795,12.759,9.328,5.07,5.597,6.244,8.867,5.247,5.509,5.994,6.293,6.283,4.634,4.909,1675.8,2027.558,1.511,2900.62,3074.298
./fastapi_app/Голосовые/Данил Лебедев/Лебедев Данил Пицца (5).wav,Данил Лебедев,Пицца,-571.318,52.074,19.647,7.359,1.846,8.897,-13.025,10.295,-8.097,-3.527,-1.05,2.666,-4.467,-1.217,-1.169,0.389,-3.338,-3.634,-3.117,-2.55,219.275,66.889,23.052,18.863,10.723,10.573,12.066,9.601,8.084,7.733,5.374,7.02,7.103,5.835,5.658,3.922,4.351,5.509,5.902,4.672,2225.57,2262.096,1.073,4151.748,3377.85
./fastapi_app/Голосовые/Данил Лебедев/Лебедев Данил Привет (1).wav,Данил Лебедев,Привет,-532.056,73.329,7.753,27.884,14.19,-4.105,-15.51,10.57,-10.399,-2.202,-7.264,-5.727,-4.337,-3.569,-1.134,-1.444,-5.152,2.255,-0.639,-5.177,184.536,54.07,16.195,35.578,19.133,8.36,17.214,10.421,12.949,12.308,13.26,6.365,6.027,7.269,4.782,7.151,9.063,5.717,5.345,6.788,1192.462,928.82,0.275,2671.585,2190.993
./fastapi_app/Голосовые/Данил Лебедев/Лебедев Данил Привет (2).wav,Данил Лебедев,Привет,-579.958,66.841,1.314,20.848,5.543,1.83,-16.546,11.932,-9.75,-5.83,-3.941,-1.011,-5.641,-3.407,0.241,1.052,-2.159,-2.447,1.158,-1.66,197.064,56.352,9.839,21.107,13.577,11.651,15.889,10.884,9.484,6.026,6.406,4.384,7.094,6.622,5.062,3.906,4.811,4.288,3.122,5.972,1465.226,1443.084,1.08,2871.269,2543.187
./fastapi_app/Голосовые/Данил Лебедев/Лебедев Данил Привет (3).wav,Данил Лебедев,Привет,-570.009,66.088,10.74,32.86,17.247,0.708,-13.184,15.192,-12.926,-2.976,-4.955,-4.065,-0.897,-2.307,-2.811,-1.009,-4.623,-4.933,-0.94,-3.696,160.73,54.594,25.36,34.754,18.694,14.002,13.027,13.399,14.273,9.3,8.446,5.81,4.239,5.727,6.206,5.319,6.785,5.644,4.339,4.961,1434.687,1377.239,0.947,3163.179,2782.41
./fastapi_app/Голосовые/Данил Лебедев/Лебедев Данил Привет (4).wav,Данил Лебедев,Привет,-576.274,83.681,10.228,18.494,9.121,0.139,-11.516,3.119,-6.634,-4.868,-2.617,-5.728,-4.022,0.412,-2.377,-1.201,1.906,-1.757,-1.945,-5.132,142.511,61.552,19.386,14.668,10.863,7.182,10.744,4.455,8.983,5.527,5.374,8.909,4.95,4.821,4.328,3.819,3.98,5.135,2.791,4.502,977.835,760.46,0.361,2093.859,1694.978
./fastapi_app/Голосовые/Данил Лебедев/Лебедев Данил Привет (5).wav,Данил Лебедев,Привет,-540.329,68.023,11.464,28.857,12.217,3.114,-16.229,9.097,-8.551,-5.632,-4.089,-3.296,-6.168,-0.44,-0.133,1.223,-3.957,1.306,-0.597,-3.704,187.856,55.812,22.845,26.491,13.352,11.474,16.043,8.956,8.24,6.141,7.439,4.65,6.581,8.168,6.393,4.39,9.044,5.762,4.825,5.089,1434.8,1354.354,0.866,2917.015,2692.338
./fastapi_app/Голосовые/Данил Лебедев/Лебедев Данил Собака (1).wav,Данил Лебедев,Собака,-517.432,84.462,7.165,13.04,-6.803,-2.879,-3.641,9.222,-11.433,2.469,-2.743,0.324,-9.639,3.902,-6.341,-1.644,0.399,-6.102,-3.433,-4.726,228.876,79.679,30.126,17.016,12.443,12.823,10.297,10.609,10.375,9.287,7.216,8.97,9.739,6.885,7.07,5.077,4.626,5.93,5.653,6.667,1446.28,1747.715,1.603,2543.365,2885.826
./fastapi_app/Голосовые/Данил Лебедев/Лебедев Данил Собака (2).wav,Данил Лебедев,Собака,-527.759,70.223,17.93,8.441,-2.674,7.189,-13.417,21.468,-10.061,-4.677,-0.241,-4.635,-3.593,5.34,-10.881,-2.671,-2.182,-6.689,-2.281,-1.826,199.666,82.804,30.162,15.096,11.631,19.249,16.392,18.266,11.076,7.975,5.255,8.514,7.004,7.136,10.078,5.267,6.396,5.689,5.142,4.631,1887.411,2200.779,0.966,2857.065,3139.336
./fastapi_app/Голосовые/Данил Лебедев/Лебедев Данил Собака (3).wav,Данил Лебедев,Собака,-543.606,100.738,-4.211,5.908,1.742,-3.413,-0.502,15.498,-6.371,-4.666,-4.252,2.224,-9.32,-0.37,-6.855,-2.626,-3.832,-8.272,-0.827,-5.503,212.688,79.619,19.457,15.779,13.972,7.898,7.704,15.098,6.257,9.046,6.609,5.159,8.602,5.706,7.56,3.679,5.155,7.675,2.896,5.244,1075.469,1185.763,1.592,1988.64,2326.476
./fastapi_app/Голосовые/Данил Лебедев/Лебедев Данил Собака (4).wav,Данил Лебедев,Собака,-553.83,80.273,9.569,11.178,-0.577,2.716,-11.933,14.674,-15.684,-0.97,-6.16,-0.593,-2.565,0.811,-2.369,-0.147,-2.771,-4.304,-2.782,-6.718,200.408,84.983,35.01,16.083,10.952,14.156,15.66,14.093,13.445,6.999,8.278,6.556,6.865,7.684,5.275,4.306,5.55,4.989,6.604,6.923,1653.944,2061.531,1.419,2655.435,2942.312
./fastapi_app/Голосовые/Данил Лебедев/Лебедев Данил Собака (5).wav,Данил Лебедев,Собака,-564.947,56.098,15.545,16.024,-4.154,4.917,-8.732,10.876,-8.553,-1.348,-0.839,-5.734,-3.353,5.644,-2.223,1.293,1.608,-4.045,-1.743,-4.031,212.276,69.306,17.312,17.296,14.844,12.014,9.961,10.181,8.579,5.347,7.536,6.26,6.997,5.981,4.202,5.036,3.706,3.685,4.675,4.777,1894.675,1976.17,0.901,3437.972,3180.538
./fastapi_app/Голосовые/Данил Лебедев/Лебедев Данил Шкаф (1).wav,Данил Лебедев,Шкаф,-632.057,60.052,1.093,15.519,8.039,2.112,-8.588,11.198,-10.753,-0.449,0.671,-3.823,-3.403,3.463,-3.218,1.207,-0.469,-4.758,-0.627,-2.518,194.156,55.343,20.965,23.037,9.684,5.694,10.838,12.128,10.487,5.539,5.564,4.609,5.618,6.026,4.438,4.865,3.906,4.894,2.663,4.285,1680.452,1558.416,0.671,3403.959,3004.83
./fastapi_app/Голосовые/Данил Лебедев/Лебедев Данил Шкаф (2).wav,Данил Лебедев,Шкаф,-537.877,48.866,-10.882,8.411,9.203,-5.375,-2.003,9.137,-11.055,-1.69,-6.531,-4.417,-3.392,2.073,-1.21,-1.269,0.658,-4.426,-1.393,-7.054,248.829,59.653,21.353,24.323,18.461,15.056,15.668,9.137,10.725,6.467,11.974,8.247,4.812,5.243,4.814,4.355,5.506,5.178,4.149,6.617,2261.634,2051.3,0.38,4180.622,3714.637
./fastapi_app/Голосовые/Данил Лебедев/Лебедев Данил Шкаф (3).wav,Данил Лебедев,Шкаф,-578.283,52.875,-21.197,14.388,7.362,0.847,-3.16,9.834,-9.136,0.482,-7.559,1.321,-0.91,3.301,-3.661,-1.607,3.438,-6.136,-4.289,-4.577,231.008,62.572,20.337,23.498,11.238,11.556,10.687,10.135,10.669,7.207,10.301,10.19,5.081,7.587,7.92,5.348,5.274,5.412,4.463,6.053,1931.64,1599.777,0.12,3681.688,3079.426
./fastapi_app/Голосовые/Данил Лебедев/Лебедев Данил Шкаф (4).wav,Данил Лебедев,Шкаф,-476.377,81.577,-15.46,21.132,2.356,-5.47,4.437,14.473,-17.518,7.555,-8.525,-2.308,1.52,1.27,-5.255,-2.7,-3.126,-3.729,-4.346,-4.119,196.357,72.763,15.694,22.385,11.204,11.514,10.349,12.663,14.971,9.621,9.848,6.951,3.846,8.207,7.328,3.086,4.231,5.926,4.029,4.905,1327.187,1284.394,0.947,2704.375,2519.089
./fastapi_app/Голосовые/Данил Лебедев/Лебедев Данил Шкаф (5).wav,Данил Лебедев,Шкаф,-530.351,61.472,-4.618,15.345,-5.304,2.539,-4.907,14.598,-11.246,2.583,-4.593,-0.276,-0.958,0.015,-3.617,-1.565,-0.751,-4.166,-3.52,-4.971,208.277,62.659,21.686,17.241,13.008,9.375,12.047,12.794,11.947,5.31,9.422,7.124,4.421,7.976,5.786,3.161,7.247,4.317,5.013,5.089,1713.387,1519.625,0.405,3550.776,3068.039
./fastapi_app/Голосовые/Данил Оленин/Оленин Данил Вход (1).wav,Данил Оленин,Вход,-541.574,54.012,12.917,8.225,6.334,5.055,8.761,5.185,5.262,2.882,1.407,1.54,1.607,2.392,0.533,3.873,1.227,3.315,-0.768,2.332,157.688,55.885,18.088,13.464,15.698,10.308,9.326,6.439,5.76,3.812,7.802,4.714,3.705,3.98,4.896,4.719,4.246,3.344,2.892,2.934,1618.232,1448.993,0.673,3826.793,3292.677
./fastapi_app/Голосовые/Данил Оленин/Оленин Данил Вход (2).wav,Данил Оленин,Вход,-498.505,79.938,16.199,15.469,-3.694,-8.411,6.217,3.818,2.52,4.16,0.046,1.111,1.718,0.824,1.34,6.979,1.434,4.74,-0.252,4.246,194.222,80.444,23.913,21.241,13.579,20.354,8.828,6.218,5.298,6.715,3.729,5.355,5.273,4.395,6.669,6.863,6.207,5.338,4.555,4.69,1239.688,1305.13,1.166,2727.621,2956.714
./fastapi_app/Голосовые/Данил Оленин/Оленин Данил Вход (3).wav,Данил Оленин,Вход,-555.843,55.113,11.604,11.36,4.983,2.883,7.249,4.914,5.003,2.889,1.558,2.233,1.555,2.475,1.505,5.891,1.955,3.901,0.355,2.766,179.05,57.868,16.05,14.162,16.494,14.029,8.205,4.642,5.335,4.656,5.337,5.391,3.782,4.834,5.578,6.042,4.377,4.48,2.09,4.229,1588.969,1434.225,0.658,3778.098,3166.709
./fastapi_app/Голосовые/Данил Оленин/Оленин Данил Вход (4).wav,Данил Оленин,Вход,-644.26,45.753,13.752,12.958,12.72,9.799,9.998,5.643,7.565,4.821,5.324,4.675,2.761,5.235,1.194,5.273,0.772,6.178,0.326,4.379,173.826,39.338,13.151,11.563,10.647,8.264,8.857,5.116,6.23,5.412,4.903,4.982,3.122,4.676,2.437,4.932,2.668,5.701,2.593,4.245,1372.449,1240.363,0.848,3489.602,2866.377
./fastapi_app/Голосовые/Данил Оленин/Оленин Данил Вход (5).wav,Данил Оленин,Вход,-527.037,58.997,12.824,10.018,4.041,-0.36,8.767,5.95,7.424,3.631,0.987,2.319,2.496,2.599,1.182,6.988,1.209,5.935,0.367,4.584,189.237,67.724,16.995,14.481,14.71,14.646,8.156,5.996,6.704,4.403,7.337,5.862,5.009,5.653,5.184,7.421,2.497,5.949,2.518,4.395,1644.521,1545.615,0.646,3819.207,3403.851
./fastapi_app/Голосовые/Данил Оленин/Оленин Данил Вход (6).wav,Данил Оленин,Вход,-519.201,74.211,10.542,10.697,-1.809,-7.099,7.025,5.555,6.529,3.194,-0.564,0.312,0.251,0.969,0.448,7.108,1.468,4.438,-0.623,3.567,187.144,78.884,17.129,19.879,15.848,18.318,8.998,6.682,6.458,4.71,5.935,6.134,4.695,5.996,5.135,7.364,4.218,4.3,3.08,4.293,1423.261,1482.638,1.057,2978.923,3153.569
./fastapi_app/Голосовые/Данил Оленин/Оленин Данил Пицца (1).wav,Данил Оленин,Пицца,-505.631,36.403,20.746,27.931,15.481,9.986,8.619,8.559,6.246,5.155,3.143,1.896,1.388,4.237,-1.62,3.897,0.763,3.393,-1.393,1.748,171.343,50.395,25.44,32.285,20.683,14.908,9.858,9.085,10.714,8.113,10.486,8.72,4.796,5.787,9.001,5.252,3.545,4.067,5.262,3.347,1741.126,1963.173,1.166,3505.997,3291.923
./fastapi_app/Голосовые/Данил Оленин/Оленин Данил Пицца (2).wav,Данил Оленин,Пицца,-514.893,55.007,8.522,28.179,13.784,4.351,8.731,5.535,0.517,4.178,2.424,-1.555,-0.043,1.743,-3.526,3.744,-1.894,0.206,-3.381,0.249,211.609,60.253,25.26,33.991,22.075,15.262,10.493,10.237,12.159,9.769,8.021,8.896,4.525,5.889,8.203,5.911,5.634,3.16,5.615,4.78,1693.611,1653.632,0.808,3573.044,3279.898
./fastapi_app/Голосовые/Данил Оленин/Оленин Данил Пицца (3).wav,Данил Оленин,Пицца,-709.021,49.874,17.387,15.878,12.774,9.115,8.675,5.325,6.258,5.449,5.64,4.192,2.521,5.056,1.704,5.798,0.998,6.688,-0.424,3.587,207.771,39.554,13.722,12.556,10.212,7.674,7.261,4.641,5.644,4.603,4.762,4.272,2.89,5.302,3.177,5.272,2.351,5.531,1.902,3.706,1529.758,1232.989,0.552,4058.764,2887.889
./fastapi_app/Голосовые/Данил Оленин/Оленин Данил Пицца (4).wav,Данил Оленин,Пицца,-665.053,55.607,18.158,17.944,14.502,10.325,10.981,7.562,6.524,4.752,5.006,4.435,2.403,3.53,0.718,4.303,-0.705,4.023,-1.426,2.8,184.233,44.445,15.682,15.054,11.745,8.868,8.934,6.208,6.414,4.502,4.81,3.811,2.984,3.972,2.312,4.149,1.802,4.037,2.493,4.274,1317.899,1090.374,0.801,3452.164,2581.826
./fastapi_app/Голосовые/Данил Оленин/Оленин Данил Пицца (5).wav,Данил Оленин,Пицца,-595.305,52.869,16.469,20.113,14.784,7.447,9.893,6.366,5.809,4.053,3.159,3.187,2.854,3.494,0.993,3.86,-0.249,4.804,-1.403,2.083,135.19,44.985,17.298,22.781,14.361,8.529,8.387,5.955,5.65,3.785,6.082,5.825,3.408,5.191,2.344,3.731,2.39,4.665,2.951,3.266,1289.452,1226.577,1.575,3196.212,2554.945
./fastapi_app/Голосовые/Данил Оленин/Оленин Данил Пицца (6).wav,Данил Оленин,Пицца,-508.431,50.74,16.74,28.562,12.69,8.818,8.947,2.824,2.485,4.024,3.523,1.435,-0.729,2.137,-2.6,2.991,-0.691,0.982,-1.858,-0.078,201.873,61.327,21.663,34.44,20.618,12.162,9.157,10.275,10.382,8.926,7.127,9.985,4.273,5.98,7.043,6.604,5.044,4.799,5.485,3.889,1626.803,1855.867,1.137,3340.093,3334.247
./fastapi_app/Голосовые/Данил Оленин/Оленин Данил Привет (1).wav,Данил Оленин,Привет,-703.67,45.975,13.808,14.726,11.138,9.589,9.781,5.821,6.263,3.557,3.514,3.174,3.29,4.231,1.156,5.317,-0.03,5.854,-1.095,3.183,201.262,36.38,11.48,11.865,8.859,7.712,7.903,5.288,5.479,3.445,3.753,3.244,3.282,4.451,2.603,5.036,3.138,5.018,2.621,3.043,1673.944,1258.359,-0.045,4368.549,3062.588
./fastapi_app/Голосовые/Данил Оленин/Оленин Данил Привет (2).wav,Данил Оленин,Привет,-689.225,51.242,12.856,12.846,12.216,8.864,8.493,4.553,6.103,3.879,3.473,3.194,1.878,3.242,0.678,5.399,-0.013,4.787,0.165,4.013,198.839,42.107,11.466,10.411,10.023,7.308,7.773,4.638,5.228,3.761,3.643,2.881,2.528,3.137,2.918,4.864,2.146,4.844,2.5,3.775,1573.356,1272.651,0.406,3943.757,2911.16
./fastapi_app/Голосовые/Данил Оленин/Оленин Данил Привет (3).wav,Данил Оленин,Привет,-539.115,61.741,6.389,21.835,21.674,4.86,7.62,2.701,2.683,4.702,-0.521,-0.107,1.258,1.071,-1.062,4.051,-0.357,3.398,-0.205,3.703,160.453,60.776,22.506,23.631,23.857,12.152,7.222,5.483,7.543,4.213,11.01,9.679,3.786,4.093,4.559,5.015,2.955,4.064,2.153,4.502,1288.745,1165.093,0.961,3209.181,2691.241
./fastapi_app/Голосовые/Данил Оленин/Оленин Данил Привет (4).wav,Данил Оленин,Привет,-482.062,72.416,-3.852,28.376,21.016,3.703,6.122,0.823,-0.721,4.566,-4.101,-0.571,0.489,-1.369,-1.291,6.08,-0.626,2.586,1.629,2.047,190.639,69.418,20.218,29.778,23.095,12.044,6.729,7.318,7.39,6.831,12.525,7.879,4.487,6.066,5.201,7.151,3.567,3.502,3.588,3.149,1172.542,1107.124,1.188,2775.581,2504.298
./fastapi_app/Голосовые/Данил Оленин/Оленин Данил Привет (5).wav,Данил Оленин,Привет,-555.4,58.19,7.495,20.743,18.545,4.083,7.944,4.705,3.857,4.934,-0.668,0.725,0.558,2.127,0.355,5.549,0.151,4.17,1.069,2.564,159.762,57.988,19.025,24.083,21.085,9.864,7.367,6.544,7.531,5.427,9.469,5.781,4.207,5.405,5.466,5.965,3.281,4.731,3.192,3.839,1322.205,1144.094,0.684,3422.066,2801.668
./fastapi_app/Голосовые/Данил Оленин/Оленин Данил Привет (6).wav,Данил Оленин,Привет,-706.344,46.786,14.981,13.887,11.373,8.313,8.738,5.616,7.661,5.128,6.254,5.474,3.651,4.721,1.102,4.937,-0.205,3.971,-1.936,3.598,199.755,37.203,12.159,11.175,9.459,7.068,7.241,4.84,6.355,4.304,5.434,4.886,3.881,4.629,2.205,4.12,1.788,4.194,2.824,4.24,1648.981,1338.642,0.605,4275.564,3032.666
./fastapi_app/Голосовые/Данил Оленин/Оленин Данил Собака (1).wav,Данил Оленин,Собака,-505.799,52.882,17.38,14.824,0.549,6.186,7.461,3.776,2.934,1.096,0.605,6.035,2.18,3.96,0.098,5.296,-1.528,2.294,-0.624,3.224,204.105,81.739,23.845,13.11,11.994,16.969,7.682,5.236,10.239,5.334,4.668,7.579,5.71,6.071,3.982,5.397,4.468,5.03,4.253,4.714,1813.98,2014.808,1.016,3472.229,3418.581
./fastapi_app/Голосовые/Данил Оленин/Оленин Данил Собака (2).wav,Данил Оленин,Собака,-451.277,46.062,21.411,16.695,3.282,8.826,8.903,4.149,3.381,2.467,-0.147,4.365,2.692,3.161,0.441,3.704,-0.829,1.679,0.128,2.379,167.048,62.08,29.298,16.065,12.078,18.473,8.503,5.534,9.612,4.321,4.912,6.21,6.493,3.731,3.355,4.924,5.728,4.541,3.136,4.695,1450.364,1347.317,0.775,3421.822,2963.602
./fastapi_app/Голосовые/Данил Оленин/Оленин Данил Собака (3).wav,Данил Оленин,Собака,-487.729,57.654,11.152,17.913,-3.461,3.617,8.875,2.405,0.668,2.264,-1.183,5.426,4.746,1.293,-0.07,5.245,-2.382,1.716,-1.754,3.22,226.687,94.695,27.229,15.989,11.322,19.914,10.195,7.125,11.35,5.63,6.144,6.791,7.55,5.689,4.162,5.709,5.934,3.89,3.549,4.121,1903.404,2139.699,0.925,3358.446,3487.802
./fastapi_app/Голосовые/Данил Оленин/Оленин Данил Собака (4).wav,Данил Оленин,Собака,-469.001,50.144,12.015,15.844,0.18,2.568,8.129,3.242,-1.6,0.731,2.317,4.389,5.83,1.773,-1.013,5.05,-1.082,0.232,0.259,1.784,196.796,84.07,27.738,15.159,9.076,16.597,8.489,5.15,11.931,5.121,5.68,6.212,8.094,5.401,4.366,6.226,5.198,4.52,4.82,2.933,1869.809,2030.384,1.049,3676.06,3465.979
./fastapi_app/Голосовые/Данил Оленин/Оленин Данил Собака (5).wav,Данил Оленин,Собака,-477.894,74.12,11.236,13.342,-3.272,3.936,10.926,-1.284,0.273,0.602,-1.18,6.192,4.987,-0.43,-1.595,7.822,-2.282,3.882,-2.53,3.382,212.453,102.729,28.587,13.426,7.751,15.532,10.466,7.648,11.365,5.397,5.861,6.576,6.869,6.852,3.889,7.992,5.306,6.915,3.459,4.642,1858.585,2333.375,1.056,2955.922,3600.244
./fastapi_app/Голосовые/Данил Оленин/Оленин Данил Собака (6).wav,Данил Оленин,Собака,-484.843,72.726,8.482,14.58,-3.04,2.797,12.883,0.969,-0.319,3.407,-0.569,8.115,4.155,-2.555,0.296,5.784,-3.488,1.569,-2.12,1.817,217.848,97.335,28.717,15.361,8.881,15.912,12.241,7.572,9.543,7.161,4.411,8.104,5.942,6.478,4.446,5.547,8.019,4.434,2.81,4.629,1716.492,2108.802,1.205,2901.844,3412.023
./fastapi_app/Голосовые/Данил Оленин/Оленин ДанилШкаф (1).wav,Данил Оленин,Шкаф,-507.163,53.497,-9.191,19.161,7.629,4.042,7.215,6.24,-0.331,1.865,8.843,4.011,4.008,0.402,0.159,6.594,-1.183,2.146,-2.617,0.924,194.862,70.582,27.961,25.37,8.804,11.284,8.454,9.492,10.368,7.816,9.732,4.324,5.984,4.067,5.19,7.488,4.221,4.221,5.157,3.053,1672.871,1492.454,0.58,3401.267,2944.644
./fastapi_app/Голосовые/Данил Оленин/Оленин ДанилШкаф (2).wav,Данил Оленин,Шкаф,-617.18,37.993,-1.714,24.157,13.909,8.619,8.106,6.119,5.524,2.281,7.906,3.731,1.811,3.341,0.464,5.242,0.444,4.008,-0.269,3.067,223.765,41.306,24.728,27.451,13.106,8.298,7.916,9.895,7.338,8.95,7.872,5.844,3.508,5.311,3.458,6.142,2.641,4.064,1.517,4.019,1598.539,1323.387,0.302,3461.952,2635.91
./fastapi_app/Голосовые/Данил Оленин/Оленин ДанилШкаф (3).wav,Данил Оленин,Шкаф,-468.337,54.79,-12.443,23.365,5.387,-1.885,8.777,6.446,-4.141,-1.357,9.292,4.693,3.955,2.127,0.943,5.298,-0.103,4.07,-3.906,1.947,206.015,81.92,22.8,34.166,9.02,14.458,9.424,13.257,9.372,4.796,11.895,5.469,5.668,6.426,6.752,7.373,3.067,5.729,6.013,3.707,1721.04,1519.869,0.3,3296.293,2950.685
./fastapi_app/Голосовые/Данил Оленин/Оленин ДанилШкаф (4).wav,Данил Оленин,Шкаф,-477.91,56.875,-10.811,23.508,6.739,2.136,8.612,6.225,-1.349,0.425,8.984,6.271,3.36,-1.728,0.804,5.294,-1.583,1.204,-2.988,2.48,206.68,80.571,26.416,32.26,10.507,10.142,9.978,9.575,8.077,9.495,10.519,6.422,4.874,5.111,5.443,6.051,5.546,4.079,4.896,3.048,1515.04,1428.5,0.558,2884.47,2716.236
./fastapi_app/Голосовые/Данил Оленин/Оленин ДанилШкаф (5).wav,Данил Оленин,Шкаф,-482.544,58.226,-11.617,21.131,7.877,1.648,8.532,4.14,-1.584,1.633,7.397,4.005,4.755,-0.758,0.28,6.162,0.347,2.904,-2.3,2.734,202.561,81.375,19.709,29.334,9.203,10.184,9.655,11.231,7.708,6.836,11.269,4.563,6.407,5.267,5.732,6.992,4.624,4.611,5.211,3.732,1598.6,1538.208,0.635,3038.139,2855.155
./fastapi_app/Голосовые/Данил Оленин/Оленин ДанилШкаф (6).wav,Данил Оленин,Шкаф,-493.988,56.993,-10.072,24.628,7.039,2.16,6.403,7.105,-3.073,-1.834,6.594,5.49,4.341,1.36,0.335,7.25,1.401,1.815,-2.675,1.369,206.067,78.92,23.741,32.328,8.596,10.882,7.505,12.055,8.783,8.713,10.098,6.134,6.973,3.526,7.167,6.797,4.201,5.494,4.148,3.205,1542.255,1439.436,0.532,3030.309,2856.915
./fastapi_app/Голосовые/Даша/Вход - холод Даша.wav,Даша,Вход,-573.725,111.273,20.934,27.758,-9.406,6.14,-3.012,-1.94,-1.259,-0.724,0.384,-3.38,-11.945,-11.269,-9.075,-0.369,1.557,3.392,-2.94,1.602,21.189,9.975,8.988,6.406,3.886,3.498,4.507,3.548,5.002,4.04,2.706,3.89,7.508,6.879,6.392,4.003,3.608,3.076,4.215,3.506,1765.493,367.588,-0.133,4183.314,946.372
./fastapi_app/Голосовые/Даша/Привет - не распознано Даша.wav,Даша,Привет,-574.435,105.261,20.185,29.589,-7.528,10.103,-3.349,-2.61,2.517,-2.741,0.024,-2.565,-11.159,-5.901,-8.541,-2.25,0.663,-1.115,-4.671,0.875,19.099,7.615,7.552,5.849,4.2,5.436,3.538,3.495,4.446,4.08,3.424,2.693,6.34,3.697,4.035,3.299,4.698,3.125,3.335,4.898,1896.628,296.229,-0.298,4780.371,459.623
./fastapi_app/Голосовые/Даша/Собака 2 - не распознано Даша.wav,Даша,Собака,-578.872,104.494,18.531,27.515,-6.839,8.885,-0.707,2.062,3.703,4.49,5.986,3.275,-7.104,-9.378,-9.394,-4.876,-3.689,-1.611,-11.56,-4.686,22.549,6.924,9.181,7.229,3.835,5.239,5.972,4.569,6.184,5.024,5.134,4.561,2.9,4.048,4.096,4.704,3.573,4.91,6.463,3.795,1865.099,334.006,-0.18,4608.84,625.139
./fastapi_app/Голосовые/Даша/Шкаф - не распознано Даша.wav,Даша,Шкаф,-575.984,111.766,23.045,28.894,-5.153,7.91,-4.809,-2.735,-1.166,0.236,1.767,-0.427,-8.881,-8.692,-7.376,-3.334,-0.743,0.414,-7.975,-0.234,20.726,9.939,10.065,5.141,4.603,3.67,4.394,4.57,3.014,3.316,2.899,3.201,3.343,4.258,2.983,4.2,3.176,2.922,3.883,4.338,1750.423,311.599,-0.06,4279.235,740.012
./fastapi_app/Голосовые/Марина/Кравченко Марина Вход 1.wav,Марина,Вход,-287.175,114.381,13.326,-6.964,-2.018,2.95,-14.884,-6.711,3.62,-1.764,-8.73,6.726,-8.421,3.337,-3.127,1.766,-9.9,3.098,-11.318,-4.602,101.191,63.34,19.546,26.952,24.904,10.369,11.145,7.055,7.742,15.424,8.683,7.764,9.431,6.263,7.52,8.665,8.384,6.554,5.513,5.263,2602.329,1330.929,-0.012,5498.273,3015.07
./fastapi_app/Голосовые/Марина/Кравченко Марина Вход 2.wav,Марина,Вход,-333.395,131.067,9.082,-4.646,-7.11,-0.459,-13.418,-9.375,0.506,-4.148,-8.233,3.021,-8.698,4.266,-6.498,-2.282,-8.657,-0.398,-10.769,-4.076,124.929,56.161,17.921,22.912,21.79,7.632,11.764,6.825,8.664,11.633,9.376,8.764,11.312,8.628,6.11,6.611,10.06,7.766,7.423,7.396,1970.221,1174.508,0.876,4114.498,2834.307
./fastapi_app/Голосовые/Марина/Кравченко Марина Вход 3.wav,Марина,Вход,-491.606,114.094,-1.546,24.4,14.719,12.235,0.681,3.874,-1.806,1.258,0.025,8.586,-1.98,2.787,-4.486,4.399,-5.363,6.584,-4.288,2.88,86.566,25.649,8.813,12.827,9.872,5.164,5.403,4.362,6.001,5.442,4.122,3.946,4.874,4.098,3.081,4.01,4.726,4.369,4.552,2.499,1920.02,758.53,2.266,4110.64,1609.1
./fastapi_app/Голосовые/Марина/Кравченко Марина Пицца 1.wav,Марина,Пицца,-394.449,95.716,13.804,28.004,21.852,2.282,-4.704,-3.755,-4.515,-5.319,-3.12,-1.62,-8.077,4.356,-5.259,-1.229,-5.247,2.174,-8.535,-2.63,108.247,39.754,19.648,28.552,7.237,9.114,12.576,7.604,6.76,12.456,5.0,6.101,11.082,6.618,6.729,3.791,6.351,3.834,6.024,5.355,2270.259,1541.752,2.585,4508.27,2075.482
./fastapi_app/Голосовые/Марина/Кравченко Марина Пицца 2.wav,Марина,Пицца,-384.027,100.695,16.461,27.599,20.235,1.453,-5.864,-8.473,-8.403,-7.886,-6.441,-6.783,-9.695,4.172,-7.166,-0.534,-4.795,1.674,-6.506,-3.502,116.312,45.101,20.346,27.167,10.187,12.372,10.203,10.423,6.112,11.666,6.618,6.866,9.932,8.064,7.969,5.692,6.452,4.542,7.89,6.617,2001.32,1472.437,2.341,3943.513,2116.14
./fastapi_app/Голосовые/Марина/Кравченко Марина Пицца 3.wav,Марина,Пицца,-341.189,79.145,19.784,26.157,32.746,-2.786,-15.121,-4.596,-5.316,-12.727,-11.176,-1.021,-13.447,4.835,-6.346,-9.879,-9.091,-0.397,-12.748,-0.861,95.461,55.78,25.342,39.457,12.102,13.826,13.51,12.653,10.273,16.094,5.627,6.374,11.951,9.023,6.907,6.231,3.919,5.948,6.673,8.307,2654.262,2307.769,1.45,4490.087,2905.457
./fastapi_app/Голосовые/Марина/Кравченко Марина Пицца 4.wav,Марина,Пицца,-373.119,84.638,17.772,15.213,24.236,-1.91,-10.08,-6.122,-2.926,-4.877,-11.179,0.563,-8.973,6.072,-3.598,-2.491,-8.621,-1.785,-11.295,-2.739,132.747,44.683,24.704,30.47,14.843,12.492,14.002,8.23,7.975,15.136,7.188,6.371,16.825,8.202,8.33,5.736,5.552,4.833,6.799,3.524,2569.823,1793.239,1.955,5096.744,2462.33
./fastapi_app/Голосовые/Марина/Кравченко Марина Пицца 5.wav,Марина,Пицца,-387.242,92.551,20.96,28.234,27.437,-3.946,-12.643,-6.327,-7.851,-6.852,-6.216,1.551,-10.051,3.268,-4.566,-5.972,-7.84,1.515,-8.503,-2.466,110.783,49.835,27.205,32.737,13.194,10.647,12.53,8.912,7.275,12.655,6.245,7.601,13.855,10.334,7.551,6.276,4.901,5.549,7.338,7.499,2241.944,1995.753,1.892,4016.25,2607.918
./fastapi_app/Голосовые/Марина/Кравченко Марина Привет 1.wav,Марина,Привет,-297.64,90.203,-0.954,40.841,32.463,-24.781,-16.502,-2.943,-7.168,-18.989,-7.792,0.521,-12.747,6.133,-4.533,1.015,-10.122,2.402,-10.901,-9.594,134.018,36.073,19.864,21.415,14.358,21.586,12.852,6.781,11.826,15.993,8.789,4.361,8.69,6.569,4.15,5.255,8.002,4.11,7.573,8.079,1804.459,703.392,1.178,3939.715,1940.695
./fastapi_app/Голосовые/Марина/Кравченко Марина Привет 2.wav,Марина,Привет,-330.873,97.18,8.363,33.296,26.771,-17.344,-12.044,-5.187,-6.703,-9.992,-11.401,3.296,-9.227,5.775,-5.474,-1.84,-11.024,3.205,-13.309,-2.647,124.538,26.213,16.023,24.596,15.032,23.624,14.162,7.562,11.3,11.8,10.947,6.496,11.122,6.927,5.135,4.444,5.737,6.502,8.832,6.149,1841.978,578.002,0.476,4157.59,1845.562
./fastapi_app/Голосовые/Марина/Кравченко Марина Привет 3.wav,Марина,Привет,-302.295,102.281,-1.442,41.361,29.177,-20.586,-12.93,-9.474,-4.442,-13.091,-12.202,-0.541,-10.474,4.744,-4.919,-0.61,-9.281,2.646,-13.708,-8.709,124.945,35.584,17.315,22.89,14.251,22.401,15.38,5.685,11.21,13.407,10.423,5.742,10.806,7.564,6.652,4.094,5.823,4.89,6.01,7.689,1833.003,844.521,0.88,4000.869,2188.083
./fastapi_app/Голосовые/Марина/Кравченко Марина Привет 4.wav,Марина,Привет,-359.258,89.163,10.628,27.044,22.337,-8.92,-10.804,-5.014,-5.344,-10.511,-8.87,1.752,-6.468,6.409,-0.556,2.007,-3.542,0.917,-8.359,-5.78,143.455,32.559,22.85,21.695,11.761,19.834,12.722,5.679,10.846,12.471,9.017,4.021,11.041,5.618,4.059,4.352,5.889,4.803,7.2,7.197,1929.861,688.539,1.607,4346.526,1950.179
./fastapi_app/Голосовые/Марина/Кравченко Марина Собака 1.wav,Марина,Собака,-371.246,109.12,20.868,5.429,9.306,11.47,-3.579,-3.911,-5.878,-4.19,-0.983,0.726,-8.681,1.052,-6.741,0.833,-8.1,-4.008,-7.141,-6.768,129.065,64.836,31.596,18.691,15.185,10.225,9.54,13.795,5.947,11.715,8.475,7.703,11.473,4.858,6.749,6.663,10.312,5.16,5.727,6.569,2078.133,1920.949,2.045,3585.791,2572.569
./fastapi_app/Голосовые/Марина/Кравченко Марина Собака 2.wav,Марина,Собака,-334.03,140.448,0.67,2.731,10.646,12.893,-7.737,-8.755,-0.813,-5.8,3.869,-3.403,-16.034,1.685,-2.434,-5.289,-11.618,-6.766,-9.033,-7.215,115.908,26.206,17.604,11.43,16.148,16.536,9.774,11.595,7.912,6.528,5.662,4.855,11.377,6.296,4.786,4.859,5.469,5.912,4.582,4.069,1315.484,560.386,1.637,2470.551,1358.713
./fastapi_app/Голосовые/Марина/Кравченко Марина Собака 3.wav,Марина,Собака,-336.326,117.492,13.416,-4.642,13.771,9.988,-8.249,-10.7,-3.052,-12.209,-1.62,-1.701,-12.225,0.673,-3.18,-1.3,-5.923,-3.744,-7.936,-3.335,120.595,58.66,27.708,14.497,13.061,10.273,10.782,6.842,6.774,9.304,7.854,6.403,12.486,5.774,5.67,4.109,8.844,5.371,5.482,5.33,2222.855,2224.179,1.935,3577.825,3000.394
./fastapi_app/Голосовые/Марина/Кравченко Марина Собака 4.wav,Марина,Собака,-308.306,109.173,15.973,-5.153,6.135,13.011,-10.479,-10.871,-3.139,-10.343,2.979,2.177,-15.496,-0.874,-4.541,-0.696,-10.82,-4.481,-9.349,-7.631,113.885,72.352,28.863,15.524,10.634,10.83,9.026,10.364,6.785,8.752,8.96,8.206,10.658,6.598,4.84,4.669,9.007,7.16,4.811,6.709,2316.712,2239.149,1.522,3650.53,3133.882
./fastapi_app/Голосовые/Марина/Кравченко Марина Шкаф 1.wav,Марина,Шкаф,-310.929,81.721,-0.577,14.652,-3.187,14.742,-0.717,-10.508,-15.061,-2.546,0.556,-1.632,-5.876,2.785,-2.907,4.017,-6.774,-4.017,-7.205,-5.848,139.193,57.679,25.813,31.851,14.976,10.29,7.011,7.117,6.687,5.489,8.443,7.135,10.593,6.029,5.041,5.474,7.186,6.478,7.297,7.098,2558.42,1159.889,0.563,5027.234,1950.846
./fastapi_app/Голосовые/Марина/Кравченко Марина Шкаф 2.wav,Марина,Шкаф,-325.791,124.585,1.386,-10.694,7.695,14.605,-6.131,-2.89,-6.183,-5.067,-0.775,2.503,-7.921,-3.138,-2.871,1.348,-8.345,-10.968,-12.646,-0.99,85.275,42.148,11.573,22.808,8.276,10.935,15.211,6.305,8.293,8.837,9.143,6.468,10.566,10.854,7.349,4.211,4.013,10.046,7.172,8.131,1857.322,1097.88,1.421,3747.756,2637.809
./fastapi_app/Голосовые/Марина/Кравченко Марина Шкаф 3.wav,Марина,Шкаф,-342.97,124.666,2.806,-5.356,6.616,14.3,-10.294,-6.007,-5.406,-4.621,-5.352,3.869,-8.875,-3.342,-2.025,-0.364,-6.086,-11.04,-10.861,-0.176,107.539,43.323,19.568,29.382,9.489,6.292,9.507,5.233,4.937,5.967,5.916,6.359,6.903,7.647,4.942,4.401,5.772,7.503,6.072,4.707,1906.809,1068.575,1.406,3937.131,2513.466
./fastapi_app/Голосовые/Марина/Кравченко Марина Шкаф 4.wav,Марина,Шкаф,-420.685,109.267,25.047,10.1,20.606,15.644,2.414,-1.426,-1.58,1.091,1.701,3.613,-0.753,2.17,-0.214,-2.935,-3.572,-4.432,-4.017,-1.302,120.693,31.746,18.677,21.728,13.263,9.798,15.489,7.501,7.253,7.429,7.428,5.455,7.647,6.371,6.241,4.114,4.355,8.277,5.938,3.818,1520.587,701.261,1.655,3215.073,1949.341
./fastapi_app/Голосовые/Марина/Кравченко Марина Шкаф 5.wav,Марина,Шкаф,-324.61,115.202,4.386,-6.396,6.885,15.522,-4.217,-5.494,-5.748,-2.587,-2.774,0.129,-5.206,-3.745,-0.913,0.768,-9.055,-8.795,-12.893,-3.482,102.978,52.071,20.49,26.435,11.905,11.917,12.607,5.712,8.198,7.231,8.449,4.129,5.039,7.186,6.355,3.317,3.995,4.902,4.866,5.201,2107.741,1179.366,0.904,4448.075,2828.884
./fastapi_app/Голосовые/Маша/Седова Маша Вход (1).wav,Маша,Вход,-553.08,95.129,18.865,3.604,-14.57,15.62,-6.832,-11.698,3.117,-1.322,-8.238,7.448,-2.97,-1.249,2.648,1.377,-0.908,-1.008,0.919,2.942,128.905,56.752,20.769,25.033,37.904,10.161,19.209,16.466,9.467,9.602,12.293,8.637,7.599,5.397,7.686,8.856,5.572,6.91,4.686,4.571,2086.471,778.162,-0.477,4678.333,2032.853
./fastapi_app/Голосовые/Маша/Седова Маша Вход (2).wav,Маша,Вход,-529.374,81.883,19.498,6.77,-16.378,16.035,-1.768,-8.771,-0.547,6.01,-8.928,7.097,2.516,-2.146,0.82,0.232,0.102,-5.083,2.159,4.056,130.959,58.205,23.829,15.601,35.59,14.105,16.212,16.198,13.664,8.92,13.484,11.902,8.041,6.81,7.034,8.403,5.1,9.332,3.545,4.005,2393.006,1237.511,0.803,4989.663,2402.285
./fastapi_app/Голосовые/Маша/Седова Маша Вход (3).wav,Маша,Вход,-580.015,93.166,14.596,6.689,-11.89,14.374,-5.234,-6.364,-0.181,-0.027,-3.821,3.922,6.927,-5.124,4.117,1.312,-3.387,-2.639,-0.504,4.999,108.184,54.625,20.309,16.697,30.276,15.086,20.315,11.682,9.525,8.949,11.241,9.483,9.178,10.835,7.26,6.693,4.711,5.695,5.294,5.645,2268.958,1214.554,1.858,4810.469,2408.176
./fastapi_app/Голосовые/Маша/Седова Маша Вход (4).wav,Маша,Вход,-563.744,89.655,23.267,6.759,-16.827,14.928,-0.859,-10.94,-7.457,5.587,-9.337,3.652,-0.247,-2.02,3.107,-1.875,2.252,-6.024,-0.447,3.318,123.786,53.338,21.898,17.163,40.193,10.486,17.226,16.711,16.118,9.748,12.529,8.316,6.066,6.821,5.598,10.109,5.053,8.381,5.029,4.175,2313.397,1482.934,3.172,4799.702,2426.432
./fastapi_app/Голосовые/Маша/Седова Маша Вход (5).wav,Маша,Вход,-591.81,99.993,15.113,10.287,-21.008,16.469,-0.592,-7.289,3.433,2.228,-7.512,5.692,2.32,-7.896,1.55,1.68,-2.74,-2.314,2.639,1.835,120.446,57.383,17.595,21.247,40.0,12.636,14.676,16.458,6.724,10.469,11.876,7.096,7.582,8.828,5.631,6.951,6.821,6.227,4.938,3.804,2316.104,1369.613,2.755,4692.525,2186.642
./fastapi_app/Голосовые/Маша/Седова Маша Пицца (1).wav,Маша,Пицца,-524.805,47.271,26.679,28.231,4.507,10.187,-8.048,2.933,-9.032,3.067,-3.972,-5.318,-1.977,-1.636,-0.641,0.871,0.994,0.159,-0.722,-0.298,160.544,53.739,20.697,29.533,20.767,12.601,26.13,8.049,18.024,8.857,10.878,9.183,7.929,6.546,7.409,5.17,3.93,5.975,5.305,5.812,2693.83,1451.616,1.229,5695.043,2083.118
./fastapi_app/Голосовые/Маша/Седова Маша Пицца (2).wav,Маша,Пицца,-571.113,68.307,15.397,29.379,1.562,19.772,-12.471,1.898,5.012,-1.522,-2.845,2.264,-1.389,-5.966,-1.748,0.898,-3.065,0.338,2.401,0.565,142.283,61.665,25.591,26.655,20.31,10.803,29.938,10.837,12.786,10.199,10.014,7.998,8.333,9.8,9.142,5.833,6.803,7.345,6.173,5.697,2482.019,1357.365,1.253,5033.142,1955.378
./fastapi_app/Голосовые/Маша/Седова Маша Пицца (3).wav,Маша,Пицца,-546.25,69.726,17.47,27.162,5.814,13.79,-11.883,-5.689,7.723,-1.623,-3.658,1.222,-2.876,-3.439,-3.925,1.551,-1.707,-0.484,2.918,-0.916,131.873,63.657,25.516,30.394,19.11,15.618,23.097,14.494,13.078,10.226,11.302,6.026,9.122,7.369,10.716,6.409,4.73,7.225,6.464,6.44,2339.402,1370.826,1.29,4890.239,2186.864
./fastapi_app/Голосовые/Маша/Седова Маша Пицца (4).wav,Маша,Пицца,-522.166,59.603,22.222,31.232,-0.92,18.201,-5.96,-13.967,-6.633,-1.243,-10.987,-2.14,-7.588,-0.514,-5.84,2.279,2.618,-5.908,1.286,2.787,142.188,54.728,16.031,31.52,22.293,15.324,22.01,18.492,14.256,11.107,10.627,8.211,11.039,5.893,12.726,5.369,4.528,11.081,6.019,5.859,2492.304,1247.645,1.121,5049.047,1925.888
./fastapi_app/Голосовые/Маша/Седова Маша Пицца (5).wav,Маша,Пицца,-542.594,54.712,18.938,28.101,-1.234,16.339,-3.774,-6.995,0.313,0.048,-5.179,-0.152,-0.485,-1.696,-10.267,0.663,-0.949,-6.803,0.201,2.043,120.896,57.773,24.558,32.667,24.167,14.594,19.76,17.164,11.85,8.011,8.589,7.265,8.924,8.012,9.699,5.858,5.164,9.461,6.183,4.909,2403.611,1321.159,1.002,4868.217,1995.043
./fastapi_app/Голосовые/Маша/Седова Маша Привет (1).wav,Маша,Привет,-522.84,76.778,6.052,29.293,5.051,7.717,-28.421,3.101,4.995,-4.751,-7.076,4.376,-4.093,-4.632,5.929,-2.006,-3.834,0.69,2.024,-2.0,123.951,40.032,16.968,22.427,18.793,21.134,28.578,15.115,9.664,10.772,12.616,6.181,9.508,7.87,5.055,10.521,6.878,5.119,6.267,6.916,2493.773,1116.124,0.208,5094.071,2100.911
./fastapi_app/Голосовые/Маша/Седова Маша Привет (2).wav,Маша,Привет,-499.971,75.417,18.332,38.941,2.506,-10.619,-16.787,-0.188,-4.976,0.321,-11.374,-0.05,-2.617,-1.006,-1.051,-2.145,-1.302,0.625,-3.648,-2.492,135.82,45.313,19.754,29.492,17.681,32.204,24.993,7.257,12.079,9.298,17.552,8.835,7.833,7.131,7.451,10.092,6.18,6.63,6.696,7.144,2439.443,1506.579,2.082,5054.185,2406.29
./fastapi_app/Голосовые/Маша/Седова Маша Привет (3).wav,Маша,Привет,-508.686,85.134,7.128,39.127,-1.265,-5.079,-20.266,-3.998,-2.504,-0.596,-7.271,2.137,-6.51,3.884,-0.826,-0.719,-1.197,-1.343,0.363,-1.338,141.936,35.55,19.362,28.298,19.519,23.31,22.409,10.454,12.492,8.792,12.969,9.203,11.193,5.136,8.332,8.081,5.274,6.258,4.759,5.345,2100.168,896.7,1.179,4688.121,1804.418
./fastapi_app/Голосовые/Маша/Седова Маша Привет (4).wav,Маша,Привет,-545.078,81.634,18.485,33.527,5.351,-5.899,-13.063,-4.383,-1.705,-0.539,-6.956,4.921,-1.191,1.239,-2.09,-1.871,0.721,-3.096,0.679,-1.523,126.201,38.83,17.741,20.212,18.391,26.06,24.164,13.52,10.505,8.917,14.422,7.727,7.417,6.844,6.168,9.784,5.649,5.324,6.466,4.949,1971.957,861.563,1.098,4501.174,1887.038
./fastapi_app/Голосовые/Маша/Седова Маша Привет (5).wav,Маша,Привет,-549.809,72.03,17.265,32.908,9.175,1.462,-21.204,-2.938,4.66,-1.686,-9.461,7.626,-5.448,-1.27,1.92,-4.512,-0.742,-2.451,0.983,-2.567,142.202,37.41,16.671,24.603,18.542,25.15,32.57,12.423,9.437,7.607,16.622,8.282,10.396,7.354,4.984,10.327,4.429,4.792,6.087,8.622,2212.052,906.568,0.661,5008.917,2106.366
./fastapi_app/Голосовые/Маша/Седова Маша Собака (1).wav,Маша,Собака,-500.634,105.172,3.562,-0.672,-6.87,19.876,-3.468,-8.418,-11.0,8.06,-10.849,-2.259,-2.969,-5.304,-5.959,-5.169,0.87,-4.679,2.175,-2.976,155.407,76.429,20.848,26.905,22.213,13.235,18.072,11.313,20.807,12.856,12.562,6.476,7.684,11.968,7.557,8.885,6.38,7.339,5.239,6.306,2218.657,1502.168,1.603,4063.169,2647.282
./fastapi_app/Голосовые/Маша/Седова Маша Собака (2).wav,Маша,Собака,-450.551,92.897,-4.084,-2.061,-8.029,20.173,-14.362,2.411,-3.765,-2.391,-12.885,0.939,-5.348,-6.664,-6.247,-0.178,-0.84,-5.885,3.524,-2.349,149.453,82.006,22.777,19.826,19.45,9.222,18.288,15.634,13.698,8.904,11.997,6.534,7.135,9.988,11.524,5.649,5.374,9.522,4.559,5.56,2461.869,1675.302,0.845,4413.817,2810.419
./fastapi_app/Голосовые/Маша/Седова Маша Собака (3).wav,Маша,Собака,-470.252,106.109,4.783,-3.322,-11.791,20.022,-5.459,-6.145,-12.12,4.838,-16.071,4.977,-5.876,-6.87,-4.086,-4.86,2.009,-2.4,-2.998,-0.583,137.374,80.636,15.647,30.047,17.423,13.06,19.169,14.278,18.268,11.447,15.454,8.28,10.518,14.243,10.567,10.195,5.681,7.389,5.924,4.729,2050.774,1450.783,1.546,3613.437,2484.353
./fastapi_app/Голосовые/Маша/Седова Маша Собака (4).wav,Маша,Собака,-494.195,108.884,8.54,-3.621,-6.791,21.324,-4.148,-4.049,-9.44,0.855,-14.449,5.163,-6.871,-8.001,-2.984,-5.109,1.2,-5.375,0.032,-1.664,151.943,66.371,17.753,27.729,19.817,14.067,13.644,12.73,19.702,9.612,14.141,5.578,8.277,12.843,7.858,7.051,5.048,6.929,6.18,5.386,2117.353,1598.25,3.112,3935.324,2564.245
./fastapi_app/Голосовые/Маша/Седова Маша Собака (5).wav,Маша,Собака,-463.282,84.076,-5.244,9.401,-2.582,19.45,-14.923,-4.839,-1.81,1.853,-13.244,4.472,-4.474,-4.644,-7.304,-0.963,0.776,-3.764,2.441,-0.405,142.515,85.586,25.756,26.423,23.244,11.532,17.969,11.138,15.373,14.431,11.94,7.697,9.107,11.099,8.672,7.021,7.435,8.172,4.861,6.481,2527.452,1585.963,0.686,4470.097,2666.925
./fastapi_app/Голосовые/Маша/Седова Маша Шкаф (1).wav,Маша,Шкаф,-522.23,79.717,1.699,5.591,-0.822,9.415,-8.827,1.686,-6.115,2.067,1.464,6.166,-14.46,3.389,1.794,-3.866,-1.596,-1.681,0.895,1.514,158.312,60.812,31.382,28.524,14.048,11.107,17.239,9.127,11.299,10.35,10.137,7.224,16.138,10.006,5.601,9.661,3.933,3.717,4.345,4.782,2654.918,1589.803,2.378,5547.002,2416.276
./fastapi_app/Голосовые/Маша/Седова Маша Шкаф (2).wav,Маша,Шкаф,-514.484,80.534,2.154,11.031,1.231,23.382,1.605,-5.517,-4.77,11.833,-4.412,3.703,1.295,-4.03,-0.822,0.527,1.219,-3.35,0.544,1.255,168.508,63.394,34.591,28.623,17.881,16.477,16.673,14.391,13.877,14.704,12.07,7.774,13.232,9.949,9.381,9.067,6.373,6.749,5.711,6.371,2169.81,942.369,0.551,4638.203,2091.561
./fastapi_app/Голосовые/Маша/Седова Маша Шкаф (3).wav,Маша,Шкаф,-549.086,75.706,-0.563,13.988,-2.462,21.464,-6.936,0.671,-4.959,11.494,0.256,11.428,-0.895,-6.782,1.338,-1.252,0.675,-0.622,0.744,0.056,155.531,60.376,29.843,27.837,21.347,12.705,12.316,8.84,15.374,9.325,18.882,7.096,10.692,12.329,6.967,10.909,6.023,5.421,4.248,6.953,2501.218,993.87,0.415,5365.193,1981.718
./fastapi_app/Голосовые/Маша/Седова Маша Шкаф (4).wav,Маша,Шкаф,-540.267,76.509,-5.661,8.916,-3.187,27.682,-5.209,-0.758,-9.652,12.139,-1.788,3.484,-2.752,-5.769,3.346,0.071,0.82,-3.81,1.856,-1.444,149.164,56.804,33.598,25.005,22.156,17.71,15.863,11.815,14.598,14.241,15.593,7.39,7.494,11.985,8.182,7.701,6.37,7.509,6.46,5.076,2615.166,1160.581,0.411,5236.973,2153.683
./fastapi_app/Голосовые/Маша/Седова Маша Шкаф (5).wav,Маша,Шкаф,-523.529,58.395,-2.337,8.57,-4.555,27.849,-1.675,-2.262,-5.606,6.051,2.36,3.48,-5.029,-0.327,1.706,1.308,3.362,2.302,-0.098,-0.776,170.701,58.67,35.233,22.395,25.851,14.557,17.59,10.707,13.508,11.864,13.966,6.639,10.384,7.041,8.845,7.51,5.333,4.893,6.796,4.893,2796.815,1404.923,1.103,5571.716,2147.563
./fastapi_app/Голосовые/Степа/Гайволя Степан Вход (1).wav,Степа,Вход,-384.877,122.163,19.034,37.109,-2.941,0.75,-6.099,0.972,-4.143,-5.719,0.006,-5.507,-2.04,-4.144,2.896,2.626,-0.617,-1.76,-1.046,1.876,141.561,63.639,29.093,24.287,23.55,21.84,13.594,8.278,10.275,7.51,7.17,6.213,5.258,6.476,4.768,6.5,3.992,4.68,4.133,5.174,1435.052,1258.066,1.038,2572.881,2496.551
./fastapi_app/Голосовые/Степа/Гайволя Степан Вход (2).wav,Степа,Вход,-376.871,100.915,3.426,30.672,-0.517,5.035,-3.012,2.467,-2.93,-2.321,3.227,-2.479,-6.208,3.093,3.883,1.928,3.488,-2.923,2.389,1.628,129.283,50.056,21.044,17.444,20.703,16.218,11.533,10.731,8.038,8.422,6.387,8.79,8.169,6.61,4.72,5.201,5.648,6.687,4.334,5.127,1828.102,980.668,0.218,3829.24,2209.223
./fastapi_app/Голосовые/Степа/Гайволя Степан Вход (3).wav,Степа,Вход,-411.71,104.443,12.755,29.194,-1.488,2.987,-0.335,3.868,-1.482,-0.156,0.143,-0.144,-0.943,-0.682,4.026,0.84,1.108,-1.209,1.122,-1.912,150.876,54.167,14.422,16.249,14.553,18.141,11.865,7.836,8.059,6.349,9.243,6.902,5.934,5.779,4.903,3.083,5.177,5.757,5.337,4.543,1684.63,1104.377,1.022,3581.413,2305.756
./fastapi_app/Голосовые/Степа/Гайволя Степан Вход (4).wav,Степа,Вход,-399.377,109.18,23.655,37.216,4.295,4.86,2.682,3.821,-0.716,-1.305,-0.488,-3.992,-0.739,-0.84,1.369,2.777,-0.729,-2.766,-1.022,-3.353,137.699,50.848,22.032,19.154,23.66,21.391,14.038,7.948,7.181,4.488,10.587,6.908,4.743,6.89,5.27,5.562,4.35,4.982,3.393,5.327,1413.585,1087.995,1.515,2793.057,2285.213
./fastapi_app/Голосовые/Степа/Гайволя Степан Вход (5).wav,Степа,Вход,-407.826,96.273,6.199,29.816,-1.357,0.605,-7.278,-1.239,-3.007,-1.517,-2.271,-4.734,-3.522,-0.529,0.716,-1.606,1.544,-1.537,-0.4,-1.537,122.528,50.906,19.051,15.711,15.693,15.156,13.478,10.865,4.785,8.117,8.512,10.359,7.639,5.685,4.466,4.853,5.551,5.824,4.582,3.652,2004.572,1057.466,0.233,4205.581,2134.817
./fastapi_app/Голосовые/Степа/Гайволя Степан Пицца (1).wav,Степа,Пицца,-345.502,71.112,2.362,41.932,13.519,11.258,-12.578,3.968,-2.805,-4.577,-1.691,-4.091,-11.85,-2.106,-1.203,-3.294,2.344,-5.545,0.444,-0.846,128.685,54.801,29.301,31.467,17.709,11.713,10.879,7.996,8.716,9.292,9.04,8.115,8.405,7.032,8.794,5.982,4.176,5.928,4.454,4.768,2478.584,1619.952,0.779,4541.548,2387.84
./fastapi_app/Голосовые/Степа/Гайволя Степан Пицца (2).wav,Степа,Пицца,-382.899,66.025,9.867,38.96,10.83,10.989,-9.608,0.192,-6.393,-3.342,0.205,-7.822,-10.668,2.636,-0.017,-4.398,-2.657,-4.465,1.13,0.987,117.517,60.501,28.618,27.339,16.048,10.026,12.381,8.589,10.367,10.587,10.736,8.963,8.118,8.185,9.062,5.109,5.297,5.907,4.36,5.391,2562.315,1758.955,0.796,4655.821,2515.868
./fastapi_app/Голосовые/Степа/Гайволя Степан Пицца (3).wav,Степа,Пицца,-385.685,74.973,11.433,35.896,4.686,10.251,-6.733,0.756,-5.747,-1.171,-2.66,-5.546,-9.313,-2.351,-4.041,-2.707,-3.477,-3.291,-0.806,-0.986,126.459,54.476,21.943,28.868,17.861,11.438,10.927,8.314,9.049,9.659,7.878,8.327,7.249,8.091,7.034,3.624,4.999,5.405,3.379,4.983,2249.981,1573.501,1.165,4312.513,2266.9
./fastapi_app/Голосовые/Степа/Гайволя Степан Пицца (4).wav,Степа,Пицца,-323.286,88.939,2.944,39.948,11.048,4.195,-10.03,4.743,-6.743,-3.304,0.077,-9.894,-9.39,2.367,-3.278,-4.644,-2.791,-4.432,1.65,-2.558,122.047,65.382,33.482,31.089,21.18,12.048,12.592,7.74,10.152,8.068,9.122,9.609,7.077,5.346,7.149,5.69,3.995,5.09,3.602,5.375,2148.968,1623.714,1.134,3835.847,2486.775
./fastapi_app/Голосовые/Степа/Гайволя Степан Пицца (5).wav,Степа,Пицца,-357.887,87.193,25.759,45.789,22.318,12.084,-0.383,5.739,-4.15,-2.372,0.542,-2.372,-7.821,-2.409,-3.315,-1.377,-1.479,-5.703,-3.008,-1.06,134.601,68.878,36.392,30.607,19.492,13.929,15.326,7.352,8.781,6.146,9.893,8.862,7.916,6.642,7.018,3.301,3.038,5.442,4.188,5.258,1856.754,1854.748,1.267,3180.063,2904.055
./fastapi_app/Голосовые/Степа/Гайволя Степан Привет (1).wav,Степа,Привет,-334.05,98.334,-1.256,38.099,9.943,5.426,-4.149,-9.96,-7.324,-1.131,-3.746,-8.511,-8.514,-2.256,0.69,2.577,-3.644,1.045,-1.481,-0.734,130.534,51.321,20.099,23.392,17.389,12.743,10.885,13.88,9.577,4.481,11.874,8.552,8.285,6.22,5.189,5.545,7.08,5.921,3.591,3.863,1781.627,1075.176,0.449,3794.308,2075.229
./fastapi_app/Голосовые/Степа/Гайволя Степан Привет (2).wav,Степа,Привет,-320.212,85.147,-2.596,51.687,6.532,-13.367,-1.273,-2.107,-12.422,-7.733,-6.316,-1.564,-5.664,1.505,-6.995,7.63,-5.11,-1.936,-5.745,3.114,116.43,47.705,23.135,30.581,20.459,22.657,5.804,7.437,11.39,6.749,15.1,6.864,3.88,8.144,8.918,4.841,5.476,4.322,5.111,4.981,2225.644,1238.279,0.232,4507.046,2145.047
./fastapi_app/Голосовые/Степа/Гайволя Степан Привет (3).wav,Степа,Привет,-342.672,102.005,5.626,47.862,14.038,-10.502,-3.151,2.779,-11.639,-4.507,-2.644,-4.863,-2.311,-6.012,-1.193,2.565,-4.848,-1.685,-1.125,1.145,129.544,54.201,22.191,28.055,22.748,17.162,9.508,9.823,14.016,7.558,12.768,6.263,4.756,7.322,6.902,5.396,5.926,5.396,3.12,5.502,1716.496,1279.933,1.052,3559.341,2284.853
./fastapi_app/Голосовые/Степа/Гайволя Степан Привет (4).wav,Степа,Привет,-351.417,95.149,4.142,53.996,16.663,-8.176,-1.536,2.824,-6.011,-3.831,-5.254,-1.924,-0.093,-0.646,-0.698,1.49,-4.616,0.151,-2.155,-0.995,141.973,51.836,23.747,31.102,19.009,25.185,10.819,8.158,12.533,7.764,14.976,9.875,7.446,7.185,8.792,7.601,5.359,5.279,4.172,5.936,1722.955,1210.866,0.98,3588.167,2351.633
./fastapi_app/Голосовые/Степа/Гайволя Степан Привет (5).wav,Степа,Привет,-362.713,119.872,20.476,61.284,16.923,-12.856,-5.532,5.261,-9.27,-6.621,-6.624,-5.751,-6.709,-0.757,-3.099,3.479,-4.714,-2.482,1.668,-1.692,112.594,65.417,33.931,28.037,18.831,18.132,9.774,10.16,11.645,7.02,11.553,5.903,5.516,7.218,5.699,5.849,5.613,4.048,5.076,4.823,1393.648,1167.633,1.004,2780.72,2429.218
./fastapi_app/Голосовые/Степа/Гайволя Степан Собака (1).wav,Степа,Собака,-341.999,107.906,12.553,24.048,-0.673,3.522,-8.499,0.801,-1.69,-1.354,-4.202,1.004,-4.095,-0.214,-4.541,-1.871,-1.754,-9.183,0.805,-4.097,147.423,69.35,30.092,15.451,13.715,19.748,12.187,9.515,11.278,9.861,9.842,7.814,6.643,8.401,6.922,5.825,5.421,8.052,4.131,5.05,1927.724,1560.305,1.199,3616.355,2668.222
./fastapi_app/Голосовые/Степа/Гайволя Степан Собака (2).wav,Степа,Собака,-369.519,98.789,13.964,32.919,-0.638,7.652,-9.309,-5.882,-9.626,-6.851,-6.834,-3.712,-6.185,-0.195,-0.644,-4.17,1.046,-3.362,2.907,-0.143,148.282,77.538,22.6,15.802,15.722,15.411,11.145,9.5,9.5,7.543,7.199,10.124,6.761,7.292,5.519,6.494,6.204,7.149,6.112,5.542,2059.453,1819.33,1.116,3562.032,2666.238
./fastapi_app/Голосовые/Степа/Гайволя Степан Собака (3).wav,Степа,Собака,-350.986,103.651,12.635,23.643,2.063,9.872,-12.117,-1.007,-3.65,-4.063,-2.728,-1.472,-2.202,-2.197,-2.217,-3.536,-1.755,-8.153,-1.487,-2.953,144.316,80.565,26.968,20.297,14.315,16.782,14.907,9.656,11.918,8.353,10.415,7.372,7.722,8.788,6.774,6.685,4.981,6.573,3.769,4.02,1989.008,1783.622,1.168,3426.716,2787.755
./fastapi_app/Голосовые/Степа/Гайволя Степан Собака (4).wav,Степа,Собака,-347.842,97.894,11.814,19.122,-2.887,6.426,-9.503,0.592,-7.584,-4.313,-0.054,0.958,-3.104,-2.14,-2.982,-4.773,-3.06,-7.209,0.385,-3.527,148.749,85.056,25.92,14.731,12.173,18.586,13.314,11.809,12.198,6.881,11.255,8.162,6.098,8.116,5.108,5.546,5.519,9.711,4.999,4.063,2113.944,1896.578,1.335,3627.121,2620.647
./fastapi_app/Голосовые/Степа/Гайволя Степан Собака (5).wav,Степа,Собака,-354.376,111.184,15.258,20.278,0.631,5.085,-7.678,0.728,-7.818,-3.048,0.339,-0.293,-3.67,1.086,-1.896,-0.246,-3.445,-6.204,2.983,-2.7,151.054,77.113,26.484,12.873,13.63,16.504,11.681,11.236,11.495,6.251,10.645,8.392,5.195,7.43,7.214,6.491,5.225,8.493,5.521,5.405,1869.894,1737.457,1.507,3268.887,2633.375
./fastapi_app/Голосовые/Степа/Гайволя Степан Шкаф (1).wav,Степа,Шкаф,-327.715,89.202,3.074,34.001,0.307,-1.525,-12.331,-7.778,-16.419,-7.226,-5.105,-2.257,-2.58,0.233,2.272,-1.988,-3.544,-5.518,-2.605,-6.642,161.716,61.55,28.606,27.15,14.096,11.272,9.515,11.62,10.776,8.379,11.475,8.589,7.377,10.813,6.286,8.387,5.793,5.409,4.152,7.318,2154.485,1314.583,0.355,4333.695,2683.048
./fastapi_app/Голосовые/Степа/Гайволя Степан Шкаф (2).wav,Степа,Шкаф,-318.998,94.663,-11.215,33.797,0.808,1.489,-12.156,-4.283,-9.612,-5.243,0.76,-2.824,-5.022,-3.942,-0.37,-3.019,-1.017,-5.177,0.712,-0.499,146.239,67.643,19.242,24.46,12.293,11.865,11.018,9.442,10.436,7.833,10.963,10.91,7.18,10.616,5.071,5.386,5.023,5.591,3.439,4.291,2197.861,1398.924,0.637,4193.102,2488.096
./fastapi_app/Голосовые/Степа/Гайволя Степан Шкаф (3).wav,Степа,Шкаф,-363.929,80.018,4.966,33.149,-1.408,1.87,-9.101,0.137,-12.295,-8.565,-0.413,3.67,-2.49,-0.06,2.987,0.077,-0.888,-2.968,-2.237,-2.945,153.051,65.413,25.318,25.618,11.745,13.14,6.442,11.46,11.729,4.997,10.171,6.503,7.517,9.023,5.269,5.026,4.655,7.789,4.151,4.155,2271.801,1435.619,0.654,4413.083,2324.451
./fastapi_app/Голосовые/Степа/Гайволя Степан Шкаф (4).wav,Степа,Шкаф,-349.177,100.086,-6.759,33.587,-0.852,-2.492,-9.25,-2.109,-14.193,-8.401,4.31,-3.197,-6.416,-1.203,0.632,-3.699,-0.465,-2.974,0.682,-4.144,152.283,64.653,18.28,25.269,12.328,14.284,11.536,9.95,15.441,7.181,8.905,8.1,8.377,6.825,4.52,3.956,6.135,6.278,5.986,6.448,2003.249,1443.608,0.964,3890.903,2638.671
./fastapi_app/Голосовые/Степа/Гайволя Степан Шкаф (5).wav,Степа,Шкаф,-289.07,87.567,-4.118,29.542,-5.158,-2.489,-14.28,-7.834,-15.748,-5.767,-2.036,-2.445,-5.586,-2.349,3.349,-0.454,-2.072,-2.946,-0.164,-3.194,143.726,62.351,20.51,20.132,11.51,11.871,8.182,11.816,10.344,10.405,9.429,8.694,7.561,10.171,7.947,5.365,5.373,7.136,5.385,3.658,2260.358,1485.468,0.511,4346.946,2708.763
./fastapi_app/Голосовые/Юля/Долматова Юля Вход 1.wav,Юля,Вход,-408.134,125.492,23.683,8.448,6.404,-1.587,11.754,-6.308,20.79,6.249,7.427,11.134,5.312,6.532,6.106,5.224,0.024,-1.782,-0.479,-0.977,84.886,38.587,24.988,19.116,14.711,17.82,11.128,17.245,14.711,10.593,5.075,5.448,5.335,7.505,6.53,6.163,7.927,4.396,3.79,4.126,1577.975,560.968,0.832,3165.381,1577.854
./fastapi_app/Голосовые/Юля/Долматова Юля Вход 2.wav,Юля,Вход,-382.578,102.217,18.674,-3.469,2.011,-14.612,-1.817,-13.383,12.622,-4.96,-2.987,4.381,1.181,1.107,0.145,2.057,-8.586,-1.816,-1.557,-4.927,87.031,48.655,23.456,16.426,20.476,23.809,8.376,12.359,10.543,11.618,5.944,6.156,4.945,5.094,4.653,5.348,10.264,6.369,5.305,6.174,2721.339,1249.892,-0.032,5795.892,3297.94
./fastapi_app/Голосовые/Юля/Долматова Юля Вход 3.wav,Юля,Вход,-411.995,110.214,10.508,-1.443,2.41,-10.266,-2.64,-14.049,8.156,-2.789,-3.663,7.104,-5.814,0.584,0.857,0.201,-2.759,-0.407,-0.335,-4.423,89.291,42.957,18.973,15.566,18.902,19.067,9.193,13.348,8.942,10.817,4.662,4.137,7.107,6.96,7.168,6.903,7.129,3.599,4.646,6.97,2452.764,1218.093,0.981,5040.923,2641.512
./fastapi_app/Голосовые/Юля/Долматова Юля Вход 4.wav,Юля,Вход,-434.533,109.41,17.465,-3.094,4.15,-9.309,2.874,-21.355,5.259,-0.171,-6.511,4.195,-2.434,-0.754,-1.43,1.054,-5.088,-4.755,-5.647,-4.758,92.313,45.092,22.159,24.973,21.1,23.83,9.531,18.234,11.712,8.561,6.567,7.028,6.127,8.356,3.042,5.701,6.97,4.822,4.317,6.594,2451.973,1111.132,0.391,5527.383,2881.818
./fastapi_app/Голосовые/Юля/Долматова Юля Вход 5.wav,Юля,Вход,-410.365,102.209,17.897,3.91,-0.816,-12.632,0.382,-17.864,10.619,-3.382,-5.18,6.924,-0.588,-1.349,-1.634,0.893,-4.995,-2.275,-1.47,-4.708,83.126,40.635,25.8,15.551,21.669,25.226,10.15,11.422,9.262,12.556,4.008,7.667,6.539,6.656,5.287,5.134,7.878,4.002,6.623,7.217,2600.68,1010.021,-0.214,5742.188,2753.301
./fastapi_app/Голосовые/Юля/Долматова Юля Пицца 1.wav,Юля,Пицца,-419.992,75.622,18.971,17.056,17.285,-5.763,5.059,-10.191,-1.225,5.478,-11.233,0.734,-4.802,-0.841,-3.304,-4.172,-7.892,-0.802,-9.995,0.834,95.436,48.405,20.337,31.275,10.945,16.446,7.421,11.11,6.75,9.027,10.694,8.504,10.822,5.319,5.039,6.02,5.578,4.047,5.902,4.558,3029.684,1937.235,1.344,5762.151,2593.188
./fastapi_app/Голосовые/Юля/Долматова Юля Пицца 2.wav,Юля,Пицца,-406.368,73.201,11.59,18.498,20.215,-3.765,1.713,-18.851,-0.249,-1.979,-11.27,7.409,-8.188,-0.171,-10.167,1.57,-12.599,2.254,-12.957,1.085,74.385,43.441,19.673,31.282,11.527,13.232,10.546,17.042,6.452,7.946,11.441,5.695,8.162,5.596,5.739,6.958,6.302,4.771,6.436,4.04,3109.144,1907.973,1.434,6051.503,2563.908
./fastapi_app/Голосовые/Юля/Долматова Юля Пицца 3.wav,Юля,Пицца,-392.873,72.275,14.349,17.253,14.609,-0.333,10.503,-13.274,-2.614,3.582,-10.334,2.896,-6.438,3.125,-6.7,-2.353,-8.697,-2.384,-8.57,0.326,85.243,43.579,20.823,32.953,15.755,11.407,10.594,17.083,9.447,10.269,8.323,5.986,7.401,4.504,6.142,7.904,4.787,4.799,5.978,5.185,3166.589,1968.727,1.297,6099.443,2437.13
./fastapi_app/Голосовые/Юля/Долматова Юля Пицца 4.wav,Юля,Пицца,-427.546,77.398,19.962,19.002,25.476,3.326,4.714,-10.633,-1.406,3.618,-13.424,4.366,-2.13,1.279,-7.726,3.422,-8.113,0.033,-6.483,0.037,97.751,43.756,18.575,30.162,13.963,12.516,10.537,13.274,6.975,10.789,9.319,7.126,6.713,4.885,6.257,5.048,7.151,3.734,5.591,4.055,2968.224,1945.71,1.525,5871.958,2394.14
./fastapi_app/Голосовые/Юля/Долматова Юля Пицца 5.wav,Юля,Пицца,-417.912,78.602,14.31,16.704,15.345,7.048,15.943,-7.849,-5.727,2.124,-8.536,4.462,-2.779,4.97,-7.316,-0.604,-6.201,1.753,-6.664,-2.391,107.912,43.335,23.01,26.882,11.879,10.37,12.575,16.946,6.549,11.966,10.293,6.787,7.786,5.317,5.934,4.273,6.498,5.15,6.797,4.4,2887.379,1842.613,1.712,5524.001,2170.104
./fastapi_app/Голосовые/Юля/Долматова Юля Привет 1.wav,Юля,Привет,-339.687,77.948,-7.726,47.059,11.169,-21.948,5.294,-26.717,-8.534,-0.023,-12.67,0.686,-1.009,3.921,-3.431,-4.0,-9.006,-1.407,-8.398,-0.468,75.788,23.034,22.051,32.603,9.445,26.614,12.234,20.377,7.188,11.253,9.338,7.034,10.247,6.605,4.863,7.649,3.371,3.153,6.95,3.894,2389.382,911.358,0.93,4941.439,1621.499
./fastapi_app/Голосовые/Юля/Долматова Юля Привет 2.wav,Юля,Привет,-382.469,84.501,-8.322,42.241,14.395,-15.926,6.082,-24.428,1.343,-4.585,-12.224,5.328,-3.474,1.319,-4.217,1.052,-8.35,1.221,-11.173,-0.265,98.821,18.83,21.947,27.014,9.192,23.101,6.855,23.375,6.325,12.276,12.677,8.53,8.341,6.809,3.871,7.519,4.566,5.702,8.425,4.328,2260.987,610.302,1.15,4778.287,1119.928
./fastapi_app/Голосовые/Юля/Долматова Юля Привет 3.wav,Юля,Привет,-377.338,88.968,-0.781,38.671,12.026,-11.553,1.869,-17.757,-3.249,-2.423,-6.62,1.893,-3.18,3.753,-3.528,0.712,-2.049,1.904,-5.078,0.52,101.788,17.428,21.151,28.56,10.111,20.131,14.072,19.822,9.21,11.202,7.457,7.773,6.343,5.066,5.066,6.441,6.468,7.358,8.431,4.932,2345.983,629.505,1.733,4941.136,1430.541
./fastapi_app/Голосовые/Юля/Долматова Юля Привет 4.wav,Юля,Привет,-349.481,93.611,-15.157,45.057,15.678,-26.429,3.507,-31.844,-4.656,-0.404,-16.298,2.674,-2.277,4.215,-3.357,-0.923,-8.978,0.565,-8.597,-2.699,78.414,28.267,16.544,28.456,11.92,24.198,14.412,20.852,8.061,11.559,11.602,9.337,8.98,7.477,5.643,5.906,5.372,3.952,8.39,4.63,2112.724,807.232,0.923,4356.628,1639.814
./fastapi_app/Голосовые/Юля/Долматова Юля Собака 1.wav,Юля,Собака,-353.203,113.421,-0.162,3.061,7.099,-3.165,5.503,-19.232,-9.432,-1.877,-1.291,-0.22,-3.829,-2.595,-3.938,-1.831,-11.657,0.009,-8.462,-2.703,76.725,49.568,17.352,20.317,15.054,15.612,12.62,20.046,5.182,10.388,7.608,9.612,7.931,7.155,6.822,6.147,8.781,6.152,5.381,5.15,2053.962,1521.068,2.383,3670.278,2408.656
./fastapi_app/Голосовые/Юля/Долматова Юля Собака 2.wav,Юля,Собака,-363.905,112.18,-1.488,-0.746,0.687,-1.56,11.191,-16.445,-4.394,-1.333,-2.233,4.458,-2.985,-0.845,-7.36,1.421,-12.68,3.506,-10.087,-6.516,75.803,47.49,21.763,23.049,10.429,17.277,12.808,19.739,7.222,7.218,5.812,8.14,7.206,7.086,5.224,7.13,9.577,5.862,4.987,8.119,2159.141,1577.0,2.161,3706.828,2532.252
./fastapi_app/Голосовые/Юля/Долматова Юля Собака 3.wav,Юля,Собака,-340.428,126.757,-8.942,1.592,-5.661,-2.345,12.433,-22.693,-4.495,1.32,-0.005,-1.303,-4.252,-2.443,-7.404,-0.636,-9.191,2.058,-11.575,-3.995,68.084,33.24,20.343,14.739,11.355,15.31,9.41,19.729,7.439,7.541,5.642,8.611,8.241,6.982,5.803,5.15,8.948,8.908,7.391,5.685,1740.266,759.556,0.75,3377.944,2125.086
./fastapi_app/Голосовые/Юля/Долматова Юля Собака 4.wav,Юля,Собака,-365.292,120.083,-1.974,-3.779,-5.107,-0.949,13.154,-20.245,-5.775,4.253,-6.302,3.15,-6.576,0.974,-5.554,1.45,-12.514,2.86,-10.504,-3.018,72.641,37.624,21.93,17.33,10.737,15.301,12.556,17.19,7.403,5.044,7.022,7.025,6.167,6.673,5.11,6.148,9.674,6.118,6.136,5.99,1962.881,1125.317,1.966,3742.994,2531.457
./fastapi_app/Голосовые/Юля/Долматова Юля Собака 5.wav,Юля,Собака,-388.007,139.828,-2.028,-5.454,3.18,2.215,12.812,-22.269,-1.596,-5.564,-1.323,8.622,-6.828,-0.58,-4.69,0.61,-13.81,1.906,-9.121,-5.232,65.625,18.757,18.319,17.843,11.135,14.97,9.481,13.29,5.416,5.969,7.747,7.22,7.366,7.998,4.841,4.993,7.938,8.481,5.753,4.728,1389.256,319.478,0.681,2260.313,1062.06
./fastapi_app/Голосовые/Юля/Долматова Юля Шкаф 1.wav,Юля,Шкаф,-405.67,104.258,-10.254,-4.825,10.704,0.7,12.79,-13.414,-1.302,8.1,-2.762,5.289,-3.564,-4.399,-3.291,4.543,-8.359,0.137,-8.405,-5.573,97.65,45.359,17.079,18.497,10.995,18.018,11.317,18.824,6.68,10.567,7.27,8.887,9.092,8.977,6.057,5.817,6.956,3.461,4.785,7.452,2329.033,978.251,1.059,4839.449,2290.526
./fastapi_app/Голосовые/Юля/Долматова Юля Шкаф 2.wav,Юля,Шкаф,-399.28,100.111,0.401,1.725,19.584,3.581,17.194,-6.046,-0.897,7.219,2.316,3.871,-2.873,-3.945,-0.034,3.354,-7.277,0.495,-5.944,-2.157,118.007,38.824,32.898,24.852,19.192,22.603,15.246,25.307,8.612,7.888,6.251,6.14,8.927,9.165,7.847,6.522,8.85,4.802,4.361,6.95,2223.167,1290.446,0.896,4403.54,2700.121
./fastapi_app/Голосовые/Юля/Долматова Юля Шкаф 3.wav,Юля,Шкаф,-400.132,102.208,-11.231,-5.506,10.021,0.222,8.448,-8.12,-4.842,6.208,-4.81,6.094,-1.431,-7.107,-0.746,0.322,-8.25,2.345,-3.572,-3.946,103.904,39.556,25.79,12.104,12.465,16.536,11.698,20.343,6.003,6.535,6.322,9.339,7.327,13.85,7.166,5.009,7.226,5.169,4.088,7.407,2570.627,988.837,0.575,5419.638,2270.942
./fastapi_app/Голосовые/Юля/Долматова Юля Шкаф 4.wav,Юля,Шкаф,-434.657,106.285,-2.505,5.206,17.896,6.452,9.472,-7.848,-0.722,6.024,1.181,7.055,0.436,-3.891,-1.211,2.897,-6.912,-0.004,-5.146,-1.277,99.296,32.796,18.808,20.92,16.019,16.637,12.123,20.021,7.38,6.511,3.487,4.826,8.924,9.501,4.342,3.162,5.972,5.601,4.138,7.004,2262.491,862.708,0.929,4890.392,2043.804
./fastapi_app/Голосовые/Юля/Долматова Юля Шкаф 5.wav,Юля,Шкаф,-361.034,76.21,-8.11,6.891,7.009,5.024,8.511,-9.202,-9.048,8.283,-2.145,2.436,-0.409,-2.941,1.082,-0.394,-4.868,-0.999,-4.891,-3.335,101.467,65.875,24.103,26.598,20.572,15.464,10.513,19.035,8.802,9.116,7.341,8.236,10.807,10.634,7.607,7.683,6.743,7.033,4.672,8.262,2897.917,1371.118,0.164,5409.208,2486.308
